event_id,session_id,airport,gate,delay_minutes,event_type,event_timestamp
e00000,s0000,DIA,A24,75,delay_detected,2026-08-06 11:14:00
e00001,s0000,DIA,A24,75,options_prompt_shown,2026-08-06 11:14:11
e00002,s0002,ORD,A18,60,delay_detected,2026-08-16 12:41:00
e00003,s0002,ORD,A18,60,options_prompt_shown,2026-08-16 12:41:31
e00004,s0002,ORD,A18,60,options_prompt_engaged,2026-08-16 12:42:49
e00005,s0002,ORD,A18,60,venue_selected,2026-08-16 12:43:00
e00006,s0002,ORD,A18,60,directions_viewed,2026-08-16 12:43:07
e00007,s0003,ATL,C5,60,delay_detected,2026-08-17 12:21:00
e00008,s0003,ATL,C5,60,options_prompt_shown,2026-08-17 12:21:29
e00009,s0003,ATL,C5,60,options_prompt_engaged,2026-08-17 12:23:20
e00010,s0003,ATL,C5,60,venue_selected,2026-08-17 12:24:37
e00011,s0003,ATL,C5,60,directions_viewed,2026-08-17 12:24:53
e00012,s0004,LAX,A18,75,delay_detected,2026-08-18 22:40:00
e00013,s0004,LAX,A18,75,options_prompt_shown,2026-08-18 22:41:00
e00014,s0004,LAX,A18,75,options_prompt_dismissed,2026-08-18 22:41:11
e00015,s0005,DIA,B25,75,delay_detected,2026-08-02 22:54:00
e00016,s0005,DIA,B25,75,options_prompt_shown,2026-08-02 22:54:11
e00017,s0005,DIA,B25,75,options_prompt_engaged,2026-08-02 22:55:12
e00018,s0006,ATL,B12,75,delay_detected,2026-08-05 17:42:00
e00019,s0006,ATL,B12,75,options_prompt_shown,2026-08-05 17:42:48
e00020,s0007,ORD,B6,90,delay_detected,2026-08-09 08:17:00
e00021,s0008,SEA,B22,75,delay_detected,2026-08-19 05:49:00
e00022,s0008,SEA,B22,75,options_prompt_shown,2026-08-19 05:49:19
e00023,s0009,LAX,C3,60,delay_detected,2026-08-20 17:36:00
e00024,s0009,LAX,C3,60,options_prompt_shown,2026-08-20 17:36:25
e00025,s0009,LAX,C3,60,options_prompt_engaged,2026-08-20 17:37:31
e00026,s0009,LAX,C3,60,venue_selected,2026-08-20 17:40:25
e00027,s0009,LAX,C3,60,directions_viewed,2026-08-20 17:40:35
e00028,s0010,SEA,C24,120,delay_detected,2026-08-10 09:57:00
e00029,s0010,SEA,C24,120,options_prompt_shown,2026-08-10 09:57:28
e00030,s0010,SEA,C24,120,options_prompt_engaged,2026-08-10 09:57:48
e00031,s0010,SEA,C24,120,venue_selected,2026-08-10 09:58:21
e00032,s0010,SEA,C24,120,directions_viewed,2026-08-10 09:58:26
e00033,s0012,SEA,D17,75,delay_detected,2026-08-13 01:55:00
e00034,s0013,DIA,C25,150,delay_detected,2026-08-08 12:07:00
e00035,s0013,DIA,C25,150,options_prompt_shown,2026-08-08 12:07:15
e00036,s0015,ATL,B5,75,delay_detected,2026-08-17 12:10:00
e00037,s0015,ATL,B5,75,options_prompt_shown,2026-08-17 12:10:54
e00038,s0018,SEA,A3,150,delay_detected,2026-08-11 14:52:00
e00039,s0018,SEA,A3,150,options_prompt_shown,2026-08-11 14:52:53
e00040,s0018,SEA,A3,150,options_prompt_dismissed,2026-08-11 14:54:20
e00041,s0019,LAX,B9,120,delay_detected,2026-08-19 20:38:00
e00042,s0019,LAX,B9,120,options_prompt_shown,2026-08-19 20:38:18
e00043,s0020,ORD,C13,150,delay_detected,2026-08-15 02:23:00
e00044,s0020,ORD,C13,150,options_prompt_shown,2026-08-15 02:23:38
e00045,s0020,ORD,C13,150,options_prompt_dismissed,2026-08-15 02:23:49
e00046,s0021,ATL,A19,120,delay_detected,2026-08-06 03:37:00
e00047,s0021,ATL,A19,120,options_prompt_shown,2026-08-06 03:37:09
e00048,s0021,ATL,A19,120,options_prompt_dismissed,2026-08-06 03:37:20
e00049,s0022,DIA,C3,120,delay_detected,2026-08-06 07:17:00
e00050,s0022,DIA,C3,120,options_prompt_shown,2026-08-06 07:17:18
e00051,s0023,SEA,D8,180,delay_detected,2026-08-11 08:51:00
e00052,s0023,SEA,D8,180,options_prompt_shown,2026-08-11 08:51:11
e00053,s0023,SEA,D8,180,options_prompt_engaged,2026-08-11 08:52:09
e00054,s0023,SEA,D8,180,venue_selected,2026-08-11 08:54:04
e00055,s0023,SEA,D8,180,directions_viewed,2026-08-11 08:54:07
e00056,s0024,DIA,A13,150,delay_detected,2026-08-08 11:51:00
e00057,s0024,DIA,A13,150,options_prompt_shown,2026-08-08 11:51:20
e00058,s0024,DIA,A13,150,options_prompt_engaged,2026-08-08 11:52:31
e00059,s0024,DIA,A13,150,venue_selected,2026-08-08 11:54:29
e00060,s0024,DIA,A13,150,directions_viewed,2026-08-08 11:54:45
e00061,s0025,DIA,D26,180,delay_detected,2026-08-19 12:35:00
e00062,s0025,DIA,D26,180,options_prompt_shown,2026-08-19 12:35:46
e00063,s0026,DIA,B6,90,delay_detected,2026-08-11 14:30:00
e00064,s0026,DIA,B6,90,options_prompt_shown,2026-08-11 14:30:30
e00065,s0026,DIA,B6,90,options_prompt_dismissed,2026-08-11 14:30:33
e00066,s0027,LAX,C30,180,delay_detected,2026-08-17 23:29:00
e00067,s0027,LAX,C30,180,options_prompt_shown,2026-08-17 23:29:49
e00068,s0028,SEA,D5,60,delay_detected,2026-08-07 13:13:00
e00069,s0029,SEA,A24,75,delay_detected,2026-08-02 11:03:00
e00070,s0029,SEA,A24,75,options_prompt_shown,2026-08-02 11:03:37
e00071,s0029,SEA,A24,75,options_prompt_dismissed,2026-08-02 11:03:47
e00072,s0030,SEA,A28,60,delay_detected,2026-08-02 17:38:00
e00073,s0030,SEA,A28,60,options_prompt_shown,2026-08-02 17:39:00
e00074,s0030,SEA,A28,60,options_prompt_engaged,2026-08-02 17:39:18
e00075,s0031,SEA,B19,120,delay_detected,2026-08-02 02:39:00
e00076,s0031,SEA,B19,120,options_prompt_shown,2026-08-02 02:39:47
e00077,s0031,SEA,B19,120,options_prompt_dismissed,2026-08-02 02:40:23
e00078,s0032,ORD,C8,75,delay_detected,2026-08-09 16:08:00
e00079,s0032,ORD,C8,75,options_prompt_shown,2026-08-09 16:08:24
e00080,s0033,DIA,A15,120,delay_detected,2026-08-13 06:06:00
e00081,s0033,DIA,A15,120,options_prompt_shown,2026-08-13 06:06:18
e00082,s0033,DIA,A15,120,options_prompt_dismissed,2026-08-13 06:07:05
e00083,s0034,DIA,B12,75,delay_detected,2026-08-04 14:28:00
e00084,s0034,DIA,B12,75,options_prompt_shown,2026-08-04 14:28:50
e00085,s0034,DIA,B12,75,options_prompt_engaged,2026-08-04 14:30:36
e00086,s0035,DIA,C30,150,delay_detected,2026-08-03 11:56:00
e00087,s0035,DIA,C30,150,options_prompt_shown,2026-08-03 11:56:12
e00088,s0036,ORD,C10,120,delay_detected,2026-08-05 17:45:00
e00089,s0036,ORD,C10,120,options_prompt_shown,2026-08-05 17:45:48
e00090,s0036,ORD,C10,120,options_prompt_dismissed,2026-08-05 17:46:53
e00091,s0037,ATL,A3,150,delay_detected,2026-08-10 06:53:00
e00092,s0037,ATL,A3,150,options_prompt_shown,2026-08-10 06:53:05
e00093,s0037,ATL,A3,150,options_prompt_engaged,2026-08-10 06:53:24
e00094,s0038,ATL,B24,90,delay_detected,2026-08-13 00:45:00
e00095,s0038,ATL,B24,90,options_prompt_shown,2026-08-13 00:45:05
e00096,s0038,ATL,B24,90,options_prompt_engaged,2026-08-13 00:47:01
e00097,s0039,ORD,A27,75,delay_detected,2026-08-13 16:35:00
e00098,s0039,ORD,A27,75,options_prompt_shown,2026-08-13 16:35:13
e00099,s0039,ORD,A27,75,options_prompt_engaged,2026-08-13 16:36:02
e00100,s0040,DIA,C7,150,delay_detected,2026-08-06 13:42:00
e00101,s0040,DIA,C7,150,options_prompt_shown,2026-08-06 13:42:54
e00102,s0041,SEA,B30,60,delay_detected,2026-08-19 16:10:00
e00103,s0042,ORD,D1,60,delay_detected,2026-08-16 23:59:00
e00104,s0042,ORD,D1,60,options_prompt_shown,2026-08-16 23:59:31
e00105,s0043,ORD,C6,180,delay_detected,2026-08-16 05:06:00
e00106,s0043,ORD,C6,180,options_prompt_shown,2026-08-16 05:06:07
e00107,s0043,ORD,C6,180,options_prompt_dismissed,2026-08-16 05:07:08
e00108,s0044,ATL,C27,180,delay_detected,2026-08-19 20:14:00
e00109,s0044,ATL,C27,180,options_prompt_shown,2026-08-19 20:14:47
e00110,s0044,ATL,C27,180,options_prompt_engaged,2026-08-19 20:15:32
e00111,s0044,ATL,C27,180,venue_selected,2026-08-19 20:15:59
e00112,s0045,ATL,C21,120,delay_detected,2026-08-09 18:43:00
e00113,s0048,ATL,C14,120,delay_detected,2026-08-12 03:07:00
e00114,s0048,ATL,C14,120,options_prompt_shown,2026-08-12 03:07:41
e00115,s0048,ATL,C14,120,options_prompt_engaged,2026-08-12 03:07:49
e00116,s0049,DIA,B12,90,delay_detected,2026-08-02 17:42:00
e00117,s0050,SEA,C22,180,delay_detected,2026-08-03 21:46:00
e00118,s0050,SEA,C22,180,options_prompt_shown,2026-08-03 21:46:37
e00119,s0050,SEA,C22,180,options_prompt_engaged,2026-08-03 21:47:32
e00120,s0050,SEA,C22,180,venue_selected,2026-08-03 21:48:57
e00121,s0050,SEA,C22,180,directions_viewed,2026-08-03 21:49:05
e00122,s0051,LAX,B20,120,delay_detected,2026-08-07 16:25:00
e00123,s0051,LAX,B20,120,options_prompt_shown,2026-08-07 16:25:05
e00124,s0051,LAX,B20,120,options_prompt_engaged,2026-08-07 16:25:34
e00125,s0051,LAX,B20,120,venue_selected,2026-08-07 16:28:12
e00126,s0051,LAX,B20,120,directions_viewed,2026-08-07 16:28:24
e00127,s0052,LAX,B17,90,delay_detected,2026-08-18 04:57:00
e00128,s0053,ORD,A10,120,delay_detected,2026-08-15 09:40:00
e00129,s0053,ORD,A10,120,options_prompt_shown,2026-08-15 09:40:10
e00130,s0054,ATL,B26,60,delay_detected,2026-08-04 09:01:00
e00131,s0054,ATL,B26,60,options_prompt_shown,2026-08-04 09:01:35
e00132,s0055,LAX,D29,150,delay_detected,2026-08-13 12:12:00
e00133,s0055,LAX,D29,150,options_prompt_shown,2026-08-13 12:12:29
e00134,s0055,LAX,D29,150,options_prompt_dismissed,2026-08-13 12:13:55
e00135,s0056,DIA,A25,90,delay_detected,2026-08-05 22:11:00
e00136,s0056,DIA,A25,90,options_prompt_shown,2026-08-05 22:11:49
e00137,s0056,DIA,A25,90,options_prompt_dismissed,2026-08-05 22:12:23
e00138,s0057,DIA,D5,180,delay_detected,2026-08-11 03:42:00
e00139,s0057,DIA,D5,180,options_prompt_shown,2026-08-11 03:42:40
e00140,s0058,LAX,D27,120,delay_detected,2026-08-10 18:57:00
e00141,s0058,LAX,D27,120,options_prompt_shown,2026-08-10 18:58:00
e00142,s0058,LAX,D27,120,options_prompt_dismissed,2026-08-10 18:58:34
e00143,s0059,ATL,D21,60,delay_detected,2026-08-07 02:28:00
e00144,s0059,ATL,D21,60,options_prompt_shown,2026-08-07 02:28:23
e00145,s0059,ATL,D21,60,options_prompt_engaged,2026-08-07 02:29:08
e00146,s0059,ATL,D21,60,venue_selected,2026-08-07 02:31:36
e00147,s0059,ATL,D21,60,directions_viewed,2026-08-07 02:31:42
e00148,s0060,ORD,B3,90,delay_detected,2026-08-09 22:21:00
e00149,s0060,ORD,B3,90,options_prompt_shown,2026-08-09 22:21:31
e00150,s0060,ORD,B3,90,options_prompt_engaged,2026-08-09 22:23:20
e00151,s0060,ORD,B3,90,venue_selected,2026-08-09 22:25:59
e00152,s0062,LAX,D18,150,delay_detected,2026-08-16 22:34:00
e00153,s0062,LAX,D18,150,options_prompt_shown,2026-08-16 22:34:19
e00154,s0062,LAX,D18,150,options_prompt_dismissed,2026-08-16 22:35:24
e00155,s0063,DIA,D11,150,delay_detected,2026-08-15 17:51:00
e00156,s0063,DIA,D11,150,options_prompt_shown,2026-08-15 17:51:15
e00157,s0064,SEA,A30,90,delay_detected,2026-08-13 21:36:00
e00158,s0064,SEA,A30,90,options_prompt_shown,2026-08-13 21:36:10
e00159,s0064,SEA,A30,90,options_prompt_dismissed,2026-08-13 21:37:12
e00160,s0065,ORD,A9,90,delay_detected,2026-08-08 05:13:00
e00161,s0065,ORD,A9,90,options_prompt_shown,2026-08-08 05:13:26
e00162,s0065,ORD,A9,90,options_prompt_dismissed,2026-08-08 05:14:22
e00163,s0067,DIA,C8,150,delay_detected,2026-08-02 17:49:00
e00164,s0068,DIA,A8,60,delay_detected,2026-08-19 03:01:00
e00165,s0068,DIA,A8,60,options_prompt_shown,2026-08-19 03:01:20
e00166,s0068,DIA,A8,60,options_prompt_engaged,2026-08-19 03:02:48
e00167,s0068,DIA,A8,60,venue_selected,2026-08-19 03:03:53
e00168,s0068,DIA,A8,60,directions_viewed,2026-08-19 03:04:03
e00169,s0069,ORD,A25,180,delay_detected,2026-08-04 17:19:00
e00170,s0069,ORD,A25,180,options_prompt_shown,2026-08-04 17:19:06
e00171,s0069,ORD,A25,180,options_prompt_dismissed,2026-08-04 17:19:57
e00172,s0070,LAX,B3,120,delay_detected,2026-08-15 23:53:00
e00173,s0070,LAX,B3,120,options_prompt_shown,2026-08-15 23:53:11
e00174,s0070,LAX,B3,120,options_prompt_dismissed,2026-08-15 23:54:41
e00175,s0071,SEA,A26,120,delay_detected,2026-08-17 22:02:00
e00176,s0071,SEA,A26,120,options_prompt_shown,2026-08-17 22:02:32
e00177,s0071,SEA,A26,120,options_prompt_dismissed,2026-08-17 22:03:57
e00178,s0072,ATL,A28,90,delay_detected,2026-08-18 19:31:00
e00179,s0072,ATL,A28,90,options_prompt_shown,2026-08-18 19:31:28
e00180,s0073,ORD,D6,150,delay_detected,2026-08-12 09:41:00
e00181,s0073,ORD,D6,150,options_prompt_shown,2026-08-12 09:41:56
e00182,s0074,LAX,D27,150,delay_detected,2026-08-13 21:17:00
e00183,s0074,LAX,D27,150,options_prompt_shown,2026-08-13 21:17:20
e00184,s0074,LAX,D27,150,options_prompt_dismissed,2026-08-13 21:18:20
e00185,s0075,ORD,D19,120,delay_detected,2026-08-15 12:24:00
e00186,s0075,ORD,D19,120,options_prompt_shown,2026-08-15 12:24:36
e00187,s0075,ORD,D19,120,options_prompt_dismissed,2026-08-15 12:25:06
e00188,s0076,ATL,C11,75,delay_detected,2026-08-20 00:38:00
e00189,s0076,ATL,C11,75,options_prompt_shown,2026-08-20 00:38:22
e00190,s0076,ATL,C11,75,options_prompt_dismissed,2026-08-20 00:38:49
e00191,s0077,DIA,B24,90,delay_detected,2026-08-11 16:35:00
e00192,s0077,DIA,B24,90,options_prompt_shown,2026-08-11 16:35:49
e00193,s0078,LAX,A3,75,delay_detected,2026-08-05 23:25:00
e00194,s0078,LAX,A3,75,options_prompt_shown,2026-08-05 23:25:24
e00195,s0078,LAX,A3,75,options_prompt_dismissed,2026-08-05 23:26:37
e00196,s0079,SEA,C14,150,delay_detected,2026-08-12 23:21:00
e00197,s0079,SEA,C14,150,options_prompt_shown,2026-08-12 23:21:34
e00198,s0079,SEA,C14,150,options_prompt_engaged,2026-08-12 23:22:09
e00199,s0079,SEA,C14,150,venue_selected,2026-08-12 23:23:08
e00200,s0079,SEA,C14,150,directions_viewed,2026-08-12 23:23:27
e00201,s0080,ORD,B7,150,delay_detected,2026-08-11 13:17:00
e00202,s0080,ORD,B7,150,options_prompt_shown,2026-08-11 13:17:53
e00203,s0080,ORD,B7,150,options_prompt_dismissed,2026-08-11 13:18:08
e00204,s0081,ORD,C8,75,delay_detected,2026-08-05 01:19:00
e00205,s0081,ORD,C8,75,options_prompt_shown,2026-08-05 01:19:39
e00206,s0081,ORD,C8,75,options_prompt_engaged,2026-08-05 01:19:47
e00207,s0082,SEA,C23,60,delay_detected,2026-08-14 20:55:00
e00208,s0082,SEA,C23,60,options_prompt_shown,2026-08-14 20:55:11
e00209,s0082,SEA,C23,60,options_prompt_dismissed,2026-08-14 20:56:14
e00210,s0083,LAX,D11,60,delay_detected,2026-08-02 08:16:00
e00211,s0085,DIA,A5,60,delay_detected,2026-08-18 13:36:00
e00212,s0086,DIA,B4,120,delay_detected,2026-08-17 13:26:00
e00213,s0086,DIA,B4,120,options_prompt_shown,2026-08-17 13:26:55
e00214,s0087,LAX,D30,90,delay_detected,2026-08-07 14:55:00
e00215,s0087,LAX,D30,90,options_prompt_shown,2026-08-07 14:55:32
e00216,s0087,LAX,D30,90,options_prompt_engaged,2026-08-07 14:56:54
e00217,s0087,LAX,D30,90,venue_selected,2026-08-07 14:57:29
e00218,s0088,ORD,B9,150,delay_detected,2026-08-02 23:10:00
e00219,s0088,ORD,B9,150,options_prompt_shown,2026-08-02 23:10:40
e00220,s0088,ORD,B9,150,options_prompt_engaged,2026-08-02 23:10:43
e00221,s0088,ORD,B9,150,venue_selected,2026-08-02 23:13:25
e00222,s0088,ORD,B9,150,directions_viewed,2026-08-02 23:13:28
e00223,s0089,ATL,D3,150,delay_detected,2026-08-06 05:59:00
e00224,s0089,ATL,D3,150,options_prompt_shown,2026-08-06 05:59:55
e00225,s0090,ORD,D4,120,delay_detected,2026-08-06 01:41:00
e00226,s0090,ORD,D4,120,options_prompt_shown,2026-08-06 01:41:22
e00227,s0090,ORD,D4,120,options_prompt_dismissed,2026-08-06 01:41:46
e00228,s0092,ATL,D9,120,delay_detected,2026-08-12 18:31:00
e00229,s0092,ATL,D9,120,options_prompt_shown,2026-08-12 18:31:43
e00230,s0092,ATL,D9,120,options_prompt_engaged,2026-08-12 18:32:41
e00231,s0094,SEA,A25,150,delay_detected,2026-08-18 18:17:00
e00232,s0094,SEA,A25,150,options_prompt_shown,2026-08-18 18:17:53
e00233,s0094,SEA,A25,150,options_prompt_dismissed,2026-08-18 18:19:19
e00234,s0095,LAX,C6,120,delay_detected,2026-08-10 13:40:00
e00235,s0095,LAX,C6,120,options_prompt_shown,2026-08-10 13:40:10
e00236,s0095,LAX,C6,120,options_prompt_dismissed,2026-08-10 13:40:54
e00237,s0096,DIA,B11,90,delay_detected,2026-08-16 01:31:00
e00238,s0096,DIA,B11,90,options_prompt_shown,2026-08-16 01:31:30
e00239,s0096,DIA,B11,90,options_prompt_dismissed,2026-08-16 01:32:31
e00240,s0097,DIA,C9,75,delay_detected,2026-08-03 17:49:00
e00241,s0097,DIA,C9,75,options_prompt_shown,2026-08-03 17:49:37
e00242,s0097,DIA,C9,75,options_prompt_dismissed,2026-08-03 17:50:49
e00243,s0098,LAX,D2,60,delay_detected,2026-08-12 07:23:00
e00244,s0098,LAX,D2,60,options_prompt_shown,2026-08-12 07:23:36
e00245,s0099,ORD,C18,60,delay_detected,2026-08-21 00:18:00
e00246,s0099,ORD,C18,60,options_prompt_shown,2026-08-21 00:18:49
e00247,s0099,ORD,C18,60,options_prompt_dismissed,2026-08-21 00:20:12
e00248,s0100,SEA,B23,60,delay_detected,2026-08-07 21:35:00
e00249,s0100,SEA,B23,60,options_prompt_shown,2026-08-07 21:35:31
e00250,s0100,SEA,B23,60,options_prompt_engaged,2026-08-07 21:37:21
e00251,s0101,LAX,A21,180,delay_detected,2026-08-04 12:31:00
e00252,s0102,ATL,C14,180,delay_detected,2026-08-11 13:30:00
e00253,s0102,ATL,C14,180,options_prompt_shown,2026-08-11 13:30:40
e00254,s0102,ATL,C14,180,options_prompt_engaged,2026-08-11 13:31:07
e00255,s0104,LAX,C30,180,delay_detected,2026-08-12 01:17:00
e00256,s0104,LAX,C30,180,options_prompt_shown,2026-08-12 01:17:23
e00257,s0105,SEA,D28,60,delay_detected,2026-08-10 18:34:00
e00258,s0105,SEA,D28,60,options_prompt_shown,2026-08-10 18:34:26
e00259,s0105,SEA,D28,60,options_prompt_dismissed,2026-08-10 18:35:27
e00260,s0106,ATL,B23,60,delay_detected,2026-08-13 10:24:00
e00261,s0106,ATL,B23,60,options_prompt_shown,2026-08-13 10:24:54
e00262,s0106,ATL,B23,60,options_prompt_dismissed,2026-08-13 10:25:57
e00263,s0107,LAX,D22,180,delay_detected,2026-08-18 18:41:00
e00264,s0108,LAX,A5,120,delay_detected,2026-08-13 20:21:00
e00265,s0108,LAX,A5,120,options_prompt_shown,2026-08-13 20:22:00
e00266,s0108,LAX,A5,120,options_prompt_dismissed,2026-08-13 20:23:01
e00267,s0109,DIA,B14,180,delay_detected,2026-08-15 05:09:00
e00268,s0109,DIA,B14,180,options_prompt_shown,2026-08-15 05:09:55
e00269,s0109,DIA,B14,180,options_prompt_dismissed,2026-08-15 05:10:48
e00270,s0110,DIA,C28,150,delay_detected,2026-08-19 13:34:00
e00271,s0110,DIA,C28,150,options_prompt_shown,2026-08-19 13:34:25
e00272,s0113,DIA,D6,150,delay_detected,2026-08-07 15:57:00
e00273,s0113,DIA,D6,150,options_prompt_shown,2026-08-07 15:57:25
e00274,s0113,DIA,D6,150,options_prompt_dismissed,2026-08-07 15:58:15
e00275,s0114,LAX,B8,120,delay_detected,2026-08-10 00:36:00
e00276,s0114,LAX,B8,120,options_prompt_shown,2026-08-10 00:36:16
e00277,s0114,LAX,B8,120,options_prompt_engaged,2026-08-10 00:36:29
e00278,s0115,LAX,B16,120,delay_detected,2026-08-04 07:14:00
e00279,s0115,LAX,B16,120,options_prompt_shown,2026-08-04 07:14:21
e00280,s0116,LAX,C22,120,delay_detected,2026-08-04 14:04:00
e00281,s0116,LAX,C22,120,options_prompt_shown,2026-08-04 14:04:27
e00282,s0116,LAX,C22,120,options_prompt_dismissed,2026-08-04 14:05:24
e00283,s0117,ATL,D28,75,delay_detected,2026-08-05 11:24:00
e00284,s0117,ATL,D28,75,options_prompt_shown,2026-08-05 11:24:11
e00285,s0117,ATL,D28,75,options_prompt_engaged,2026-08-05 11:25:27
e00286,s0117,ATL,D28,75,venue_selected,2026-08-05 11:26:52
e00287,s0118,ATL,A27,150,delay_detected,2026-08-09 16:17:00
e00288,s0118,ATL,A27,150,options_prompt_shown,2026-08-09 16:18:00
e00289,s0119,DIA,D27,75,delay_detected,2026-08-17 19:51:00
e00290,s0119,DIA,D27,75,options_prompt_shown,2026-08-17 19:51:56
e00291,s0119,DIA,D27,75,options_prompt_engaged,2026-08-17 19:53:20
e00292,s0119,DIA,D27,75,venue_selected,2026-08-17 19:54:34
e00293,s0119,DIA,D27,75,directions_viewed,2026-08-17 19:54:40
e00294,s0120,DIA,C26,90,delay_detected,2026-08-01 23:37:00
e00295,s0120,DIA,C26,90,options_prompt_shown,2026-08-01 23:37:13
e00296,s0120,DIA,C26,90,options_prompt_engaged,2026-08-01 23:37:53
e00297,s0120,DIA,C26,90,venue_selected,2026-08-01 23:39:49
e00298,s0120,DIA,C26,90,directions_viewed,2026-08-01 23:39:55
e00299,s0121,ATL,C27,60,delay_detected,2026-08-06 17:58:00
e00300,s0121,ATL,C27,60,options_prompt_shown,2026-08-06 17:58:35
e00301,s0121,ATL,C27,60,options_prompt_dismissed,2026-08-06 17:59:21
e00302,s0122,DIA,D3,60,delay_detected,2026-08-17 08:14:00
e00303,s0122,DIA,D3,60,options_prompt_shown,2026-08-17 08:14:51
e00304,s0122,DIA,D3,60,options_prompt_dismissed,2026-08-17 08:16:05
e00305,s0123,ATL,A26,90,delay_detected,2026-08-01 13:16:00
e00306,s0123,ATL,A26,90,options_prompt_shown,2026-08-01 13:16:34
e00307,s0124,ATL,D27,150,delay_detected,2026-08-09 04:06:00
e00308,s0124,ATL,D27,150,options_prompt_shown,2026-08-09 04:06:35
e00309,s0124,ATL,D27,150,options_prompt_engaged,2026-08-09 04:08:31
e00310,s0126,LAX,C21,90,delay_detected,2026-08-03 17:08:00
e00311,s0126,LAX,C21,90,options_prompt_shown,2026-08-03 17:08:07
e00312,s0126,LAX,C21,90,options_prompt_engaged,2026-08-03 17:09:13
e00313,s0126,LAX,C21,90,venue_selected,2026-08-03 17:10:23
e00314,s0127,ORD,D15,75,delay_detected,2026-08-15 13:47:00
e00315,s0127,ORD,D15,75,options_prompt_shown,2026-08-15 13:47:39
e00316,s0130,ORD,D15,60,delay_detected,2026-08-19 11:23:00
e00317,s0130,ORD,D15,60,options_prompt_shown,2026-08-19 11:23:48
e00318,s0130,ORD,D15,60,options_prompt_engaged,2026-08-19 11:25:46
e00319,s0131,ATL,A13,75,delay_detected,2026-08-05 07:07:00
e00320,s0132,LAX,A22,60,delay_detected,2026-08-14 22:40:00
e00321,s0132,LAX,A22,60,options_prompt_shown,2026-08-14 22:40:06
e00322,s0132,LAX,A22,60,options_prompt_engaged,2026-08-14 22:40:51
e00323,s0132,LAX,A22,60,venue_selected,2026-08-14 22:41:33
e00324,s0132,LAX,A22,60,directions_viewed,2026-08-14 22:41:41
e00325,s0132,LAX,A22,60,survey_response:4,2026-08-14 23:21:41
e00326,s0133,ORD,B27,180,delay_detected,2026-08-06 05:21:00
e00327,s0133,ORD,B27,180,options_prompt_shown,2026-08-06 05:21:55
e00328,s0133,ORD,B27,180,options_prompt_dismissed,2026-08-06 05:22:16
e00329,s0134,ORD,C26,60,delay_detected,2026-08-03 14:42:00
e00330,s0134,ORD,C26,60,options_prompt_shown,2026-08-03 14:42:13
e00331,s0134,ORD,C26,60,options_prompt_engaged,2026-08-03 14:43:57
e00332,s0135,SEA,C1,60,delay_detected,2026-08-06 21:03:00
e00333,s0135,SEA,C1,60,options_prompt_shown,2026-08-06 21:03:31
e00334,s0136,LAX,D25,75,delay_detected,2026-08-12 04:37:00
e00335,s0136,LAX,D25,75,options_prompt_shown,2026-08-12 04:37:37
e00336,s0136,LAX,D25,75,options_prompt_engaged,2026-08-12 04:38:58
e00337,s0136,LAX,D25,75,venue_selected,2026-08-12 04:41:56
e00338,s0136,LAX,D25,75,directions_viewed,2026-08-12 04:42:12
e00339,s0137,DIA,A16,180,delay_detected,2026-08-09 19:27:00
e00340,s0137,DIA,A16,180,options_prompt_shown,2026-08-09 19:27:36
e00341,s0137,DIA,A16,180,options_prompt_dismissed,2026-08-09 19:27:49
e00342,s0138,ATL,B3,60,delay_detected,2026-08-07 02:39:00
e00343,s0138,ATL,B3,60,options_prompt_shown,2026-08-07 02:39:40
e00344,s0138,ATL,B3,60,options_prompt_dismissed,2026-08-07 02:40:59
e00345,s0139,SEA,C15,120,delay_detected,2026-08-14 03:27:00
e00346,s0139,SEA,C15,120,options_prompt_shown,2026-08-14 03:27:49
e00347,s0139,SEA,C15,120,options_prompt_engaged,2026-08-14 03:29:15
e00348,s0140,SEA,B14,90,delay_detected,2026-08-20 04:14:00
e00349,s0140,SEA,B14,90,options_prompt_shown,2026-08-20 04:14:57
e00350,s0140,SEA,B14,90,options_prompt_dismissed,2026-08-20 04:15:12
e00351,s0141,ATL,D11,150,delay_detected,2026-08-06 16:23:00
e00352,s0142,LAX,A3,180,delay_detected,2026-08-03 01:05:00
e00353,s0142,LAX,A3,180,options_prompt_shown,2026-08-03 01:05:52
e00354,s0143,SEA,A19,120,delay_detected,2026-08-13 05:21:00
e00355,s0143,SEA,A19,120,options_prompt_shown,2026-08-13 05:21:31
e00356,s0143,SEA,A19,120,options_prompt_engaged,2026-08-13 05:22:59
e00357,s0144,LAX,A10,120,delay_detected,2026-08-07 21:22:00
e00358,s0144,LAX,A10,120,options_prompt_shown,2026-08-07 21:22:37
e00359,s0144,LAX,A10,120,options_prompt_engaged,2026-08-07 21:24:04
e00360,s0144,LAX,A10,120,venue_selected,2026-08-07 21:24:41
e00361,s0144,LAX,A10,120,directions_viewed,2026-08-07 21:25:00
e00362,s0145,ATL,B26,90,delay_detected,2026-08-19 06:35:00
e00363,s0146,SEA,A20,150,delay_detected,2026-08-18 22:44:00
e00364,s0146,SEA,A20,150,options_prompt_shown,2026-08-18 22:44:16
e00365,s0146,SEA,A20,150,options_prompt_engaged,2026-08-18 22:45:56
e00366,s0146,SEA,A20,150,venue_selected,2026-08-18 22:47:32
e00367,s0146,SEA,A20,150,directions_viewed,2026-08-18 22:47:39
e00368,s0147,SEA,D3,60,delay_detected,2026-08-17 01:40:00
e00369,s0148,DIA,B13,90,delay_detected,2026-08-10 22:21:00
e00370,s0148,DIA,B13,90,options_prompt_shown,2026-08-10 22:21:24
e00371,s0151,LAX,D20,90,delay_detected,2026-08-10 02:17:00
e00372,s0151,LAX,D20,90,options_prompt_shown,2026-08-10 02:17:37
e00373,s0151,LAX,D20,90,options_prompt_engaged,2026-08-10 02:18:35
e00374,s0151,LAX,D20,90,venue_selected,2026-08-10 02:21:16
e00375,s0151,LAX,D20,90,directions_viewed,2026-08-10 02:21:27
e00376,s0151,LAX,D20,90,survey_response:5,2026-08-10 02:51:27
e00377,s0152,SEA,A1,60,delay_detected,2026-08-07 16:13:00
e00378,s0152,SEA,A1,60,options_prompt_shown,2026-08-07 16:13:53
e00379,s0152,SEA,A1,60,options_prompt_engaged,2026-08-07 16:14:37
e00380,s0152,SEA,A1,60,venue_selected,2026-08-07 16:16:54
e00381,s0152,SEA,A1,60,directions_viewed,2026-08-07 16:17:01
e00382,s0153,SEA,B17,120,delay_detected,2026-08-19 00:42:00
e00383,s0153,SEA,B17,120,options_prompt_shown,2026-08-19 00:42:09
e00384,s0153,SEA,B17,120,options_prompt_engaged,2026-08-19 00:43:46
e00385,s0153,SEA,B17,120,venue_selected,2026-08-19 00:44:00
e00386,s0153,SEA,B17,120,directions_viewed,2026-08-19 00:44:04
e00387,s0154,SEA,D19,90,delay_detected,2026-08-16 09:40:00
e00388,s0154,SEA,D19,90,options_prompt_shown,2026-08-16 09:40:12
e00389,s0154,SEA,D19,90,options_prompt_engaged,2026-08-16 09:40:56
e00390,s0154,SEA,D19,90,venue_selected,2026-08-16 09:43:44
e00391,s0154,SEA,D19,90,directions_viewed,2026-08-16 09:43:57
e00392,s0154,SEA,D19,90,survey_response:5,2026-08-16 09:54:57
e00393,s0155,ORD,D19,90,delay_detected,2026-08-12 10:05:00
e00394,s0155,ORD,D19,90,options_prompt_shown,2026-08-12 10:05:24
e00395,s0155,ORD,D19,90,options_prompt_dismissed,2026-08-12 10:05:48
e00396,s0156,DIA,A17,120,delay_detected,2026-08-05 09:57:00
e00397,s0156,DIA,A17,120,options_prompt_shown,2026-08-05 09:57:27
e00398,s0157,ORD,B4,60,delay_detected,2026-08-06 17:12:00
e00399,s0157,ORD,B4,60,options_prompt_shown,2026-08-06 17:12:14
e00400,s0158,ORD,D15,180,delay_detected,2026-08-13 06:48:00
e00401,s0158,ORD,D15,180,options_prompt_shown,2026-08-13 06:48:48
e00402,s0158,ORD,D15,180,options_prompt_dismissed,2026-08-13 06:50:12
e00403,s0159,SEA,C28,150,delay_detected,2026-08-07 23:09:00
e00404,s0159,SEA,C28,150,options_prompt_shown,2026-08-07 23:09:35
e00405,s0159,SEA,C28,150,options_prompt_dismissed,2026-08-07 23:10:13
e00406,s0160,SEA,A12,120,delay_detected,2026-08-02 19:19:00
e00407,s0160,SEA,A12,120,options_prompt_shown,2026-08-02 19:19:07
e00408,s0160,SEA,A12,120,options_prompt_engaged,2026-08-02 19:20:56
e00409,s0160,SEA,A12,120,venue_selected,2026-08-02 19:23:51
e00410,s0161,DIA,D15,120,delay_detected,2026-08-13 01:50:00
e00411,s0161,DIA,D15,120,options_prompt_shown,2026-08-13 01:50:07
e00412,s0162,ORD,C20,90,delay_detected,2026-08-11 22:09:00
e00413,s0163,LAX,A26,180,delay_detected,2026-08-08 13:45:00
e00414,s0163,LAX,A26,180,options_prompt_shown,2026-08-08 13:45:46
e00415,s0163,LAX,A26,180,options_prompt_engaged,2026-08-08 13:46:20
e00416,s0164,LAX,B12,75,delay_detected,2026-08-20 19:18:00
e00417,s0164,LAX,B12,75,options_prompt_shown,2026-08-20 19:18:54
e00418,s0164,LAX,B12,75,options_prompt_dismissed,2026-08-20 19:20:17
e00419,s0166,LAX,C9,150,delay_detected,2026-08-19 10:42:00
e00420,s0168,ORD,C10,150,delay_detected,2026-08-16 03:42:00
e00421,s0168,ORD,C10,150,options_prompt_shown,2026-08-16 03:42:43
e00422,s0168,ORD,C10,150,options_prompt_dismissed,2026-08-16 03:43:57
e00423,s0169,LAX,C27,60,delay_detected,2026-08-15 13:44:00
e00424,s0169,LAX,C27,60,options_prompt_shown,2026-08-15 13:44:52
e00425,s0170,DIA,D17,75,delay_detected,2026-08-01 15:23:00
e00426,s0170,DIA,D17,75,options_prompt_shown,2026-08-01 15:23:18
e00427,s0170,DIA,D17,75,options_prompt_engaged,2026-08-01 15:24:59
e00428,s0170,DIA,D17,75,venue_selected,2026-08-01 15:26:06
e00429,s0171,ORD,A10,180,delay_detected,2026-08-18 01:06:00
e00430,s0171,ORD,A10,180,options_prompt_shown,2026-08-18 01:06:39
e00431,s0172,DIA,C29,180,delay_detected,2026-08-14 10:08:00
e00432,s0172,DIA,C29,180,options_prompt_shown,2026-08-14 10:08:14
e00433,s0172,DIA,C29,180,options_prompt_engaged,2026-08-14 10:10:03
e00434,s0173,SEA,B24,90,delay_detected,2026-08-02 04:26:00
e00435,s0173,SEA,B24,90,options_prompt_shown,2026-08-02 04:26:51
e00436,s0173,SEA,B24,90,options_prompt_engaged,2026-08-02 04:27:50
e00437,s0174,LAX,B18,60,delay_detected,2026-08-07 20:51:00
e00438,s0174,LAX,B18,60,options_prompt_shown,2026-08-07 20:51:58
e00439,s0174,LAX,B18,60,options_prompt_engaged,2026-08-07 20:53:27
e00440,s0175,LAX,D25,75,delay_detected,2026-08-17 20:24:00
e00441,s0175,LAX,D25,75,options_prompt_shown,2026-08-17 20:24:31
e00442,s0176,SEA,B28,75,delay_detected,2026-08-02 08:41:00
e00443,s0176,SEA,B28,75,options_prompt_shown,2026-08-02 08:41:28
e00444,s0176,SEA,B28,75,options_prompt_dismissed,2026-08-02 08:42:37
e00445,s0177,DIA,C3,180,delay_detected,2026-08-04 16:17:00
e00446,s0177,DIA,C3,180,options_prompt_shown,2026-08-04 16:17:37
e00447,s0177,DIA,C3,180,options_prompt_engaged,2026-08-04 16:18:35
e00448,s0177,DIA,C3,180,venue_selected,2026-08-04 16:19:41
e00449,s0177,DIA,C3,180,directions_viewed,2026-08-04 16:19:54
e00450,s0178,LAX,A13,120,delay_detected,2026-08-09 05:15:00
e00451,s0178,LAX,A13,120,options_prompt_shown,2026-08-09 05:15:10
e00452,s0178,LAX,A13,120,options_prompt_dismissed,2026-08-09 05:15:25
e00453,s0180,LAX,B25,150,delay_detected,2026-08-11 06:28:00
e00454,s0180,LAX,B25,150,options_prompt_shown,2026-08-11 06:28:10
e00455,s0180,LAX,B25,150,options_prompt_engaged,2026-08-11 06:28:40
e00456,s0181,SEA,D4,180,delay_detected,2026-08-07 09:15:00
e00457,s0181,SEA,D4,180,options_prompt_shown,2026-08-07 09:15:08
e00458,s0181,SEA,D4,180,options_prompt_engaged,2026-08-07 09:16:32
e00459,s0182,LAX,A4,180,delay_detected,2026-08-20 13:31:00
e00460,s0182,LAX,A4,180,options_prompt_shown,2026-08-20 13:31:06
e00461,s0182,LAX,A4,180,options_prompt_dismissed,2026-08-20 13:31:27
e00462,s0183,ATL,D1,120,delay_detected,2026-08-08 18:15:00
e00463,s0183,ATL,D1,120,options_prompt_shown,2026-08-08 18:15:16
e00464,s0183,ATL,D1,120,options_prompt_dismissed,2026-08-08 18:16:05
e00465,s0184,DIA,A13,180,delay_detected,2026-08-11 06:02:00
e00466,s0184,DIA,A13,180,options_prompt_shown,2026-08-11 06:02:28
e00467,s0184,DIA,A13,180,options_prompt_engaged,2026-08-11 06:02:33
e00468,s0184,DIA,A13,180,venue_selected,2026-08-11 06:03:00
e00469,s0184,DIA,A13,180,directions_viewed,2026-08-11 06:03:05
e00470,s0185,ATL,B2,75,delay_detected,2026-08-12 21:21:00
e00471,s0185,ATL,B2,75,options_prompt_shown,2026-08-12 21:21:16
e00472,s0186,LAX,B26,60,delay_detected,2026-08-02 14:45:00
e00473,s0186,LAX,B26,60,options_prompt_shown,2026-08-02 14:45:34
e00474,s0186,LAX,B26,60,options_prompt_engaged,2026-08-02 14:46:02
e00475,s0186,LAX,B26,60,venue_selected,2026-08-02 14:47:03
e00476,s0187,ATL,C17,90,delay_detected,2026-08-18 15:34:00
e00477,s0187,ATL,C17,90,options_prompt_shown,2026-08-18 15:34:07
e00478,s0187,ATL,C17,90,options_prompt_dismissed,2026-08-18 15:34:55
e00479,s0189,LAX,D24,90,delay_detected,2026-08-20 08:24:00
e00480,s0189,LAX,D24,90,options_prompt_shown,2026-08-20 08:24:16
e00481,s0189,LAX,D24,90,options_prompt_dismissed,2026-08-20 08:25:25
e00482,s0190,ATL,A24,90,delay_detected,2026-08-02 22:27:00
e00483,s0190,ATL,A24,90,options_prompt_shown,2026-08-02 22:27:57
e00484,s0190,ATL,A24,90,options_prompt_engaged,2026-08-02 22:28:37
e00485,s0190,ATL,A24,90,venue_selected,2026-08-02 22:29:07
e00486,s0190,ATL,A24,90,directions_viewed,2026-08-02 22:29:18
e00487,s0191,SEA,D6,150,delay_detected,2026-08-10 17:22:00
e00488,s0191,SEA,D6,150,options_prompt_shown,2026-08-10 17:22:51
e00489,s0191,SEA,D6,150,options_prompt_dismissed,2026-08-10 17:23:49
e00490,s0192,ATL,A3,150,delay_detected,2026-08-14 20:25:00
e00491,s0192,ATL,A3,150,options_prompt_shown,2026-08-14 20:25:56
e00492,s0192,ATL,A3,150,options_prompt_dismissed,2026-08-14 20:26:02
e00493,s0193,ORD,D2,60,delay_detected,2026-08-02 16:15:00
e00494,s0193,ORD,D2,60,options_prompt_shown,2026-08-02 16:15:28
e00495,s0193,ORD,D2,60,options_prompt_engaged,2026-08-02 16:16:43
e00496,s0193,ORD,D2,60,venue_selected,2026-08-02 16:17:32
e00497,s0193,ORD,D2,60,directions_viewed,2026-08-02 16:17:45
e00498,s0194,DIA,B17,75,delay_detected,2026-08-09 17:20:00
e00499,s0194,DIA,B17,75,options_prompt_shown,2026-08-09 17:20:20
e00500,s0194,DIA,B17,75,options_prompt_dismissed,2026-08-09 17:20:46
e00501,s0195,LAX,D30,120,delay_detected,2026-08-03 18:16:00
e00502,s0195,LAX,D30,120,options_prompt_shown,2026-08-03 18:16:50
e00503,s0197,DIA,D6,150,delay_detected,2026-08-10 17:05:00
e00504,s0197,DIA,D6,150,options_prompt_shown,2026-08-10 17:05:59
e00505,s0198,DIA,C29,75,delay_detected,2026-08-19 09:10:00
e00506,s0198,DIA,C29,75,options_prompt_shown,2026-08-19 09:10:49
e00507,s0199,SEA,B4,60,delay_detected,2026-08-18 03:08:00
e00508,s0199,SEA,B4,60,options_prompt_shown,2026-08-18 03:08:36
e00509,s0199,SEA,B4,60,options_prompt_engaged,2026-08-18 03:09:49
e00510,s0201,LAX,D17,90,delay_detected,2026-08-17 15:26:00
e00511,s0201,LAX,D17,90,options_prompt_shown,2026-08-17 15:26:09
e00512,s0201,LAX,D17,90,options_prompt_engaged,2026-08-17 15:26:52
e00513,s0202,LAX,D22,120,delay_detected,2026-08-08 14:08:00
e00514,s0202,LAX,D22,120,options_prompt_shown,2026-08-08 14:08:54
e00515,s0202,LAX,D22,120,options_prompt_dismissed,2026-08-08 14:09:13
e00516,s0204,ATL,B6,75,delay_detected,2026-08-21 04:45:00
e00517,s0204,ATL,B6,75,options_prompt_shown,2026-08-21 04:45:38
e00518,s0205,ATL,B21,120,delay_detected,2026-08-07 02:08:00
e00519,s0205,ATL,B21,120,options_prompt_shown,2026-08-07 02:08:44
e00520,s0205,ATL,B21,120,options_prompt_dismissed,2026-08-07 02:09:08
e00521,s0206,SEA,B6,150,delay_detected,2026-08-14 13:46:00
e00522,s0206,SEA,B6,150,options_prompt_shown,2026-08-14 13:46:26
e00523,s0206,SEA,B6,150,options_prompt_dismissed,2026-08-14 13:46:32
e00524,s0207,DIA,A21,180,delay_detected,2026-08-13 13:16:00
e00525,s0207,DIA,A21,180,options_prompt_shown,2026-08-13 13:16:54
e00526,s0208,DIA,D29,150,delay_detected,2026-08-12 21:18:00
e00527,s0208,DIA,D29,150,options_prompt_shown,2026-08-12 21:18:24
e00528,s0210,ORD,D14,90,delay_detected,2026-08-11 03:13:00
e00529,s0210,ORD,D14,90,options_prompt_shown,2026-08-11 03:13:14
e00530,s0210,ORD,D14,90,options_prompt_engaged,2026-08-11 03:14:48
e00531,s0210,ORD,D14,90,venue_selected,2026-08-11 03:16:26
e00532,s0211,ORD,C17,120,delay_detected,2026-08-03 12:20:00
e00533,s0211,ORD,C17,120,options_prompt_shown,2026-08-03 12:20:12
e00534,s0211,ORD,C17,120,options_prompt_engaged,2026-08-03 12:20:46
e00535,s0211,ORD,C17,120,venue_selected,2026-08-03 12:21:08
e00536,s0211,ORD,C17,120,directions_viewed,2026-08-03 12:21:22
e00537,s0212,LAX,B28,60,delay_detected,2026-08-18 14:20:00
e00538,s0213,ATL,B25,60,delay_detected,2026-08-11 21:32:00
e00539,s0213,ATL,B25,60,options_prompt_shown,2026-08-11 21:32:24
e00540,s0213,ATL,B25,60,options_prompt_dismissed,2026-08-11 21:33:17
e00541,s0214,SEA,D8,60,delay_detected,2026-08-13 16:22:00
e00542,s0214,SEA,D8,60,options_prompt_shown,2026-08-13 16:22:23
e00543,s0216,LAX,B29,75,delay_detected,2026-08-16 18:23:00
e00544,s0216,LAX,B29,75,options_prompt_shown,2026-08-16 18:23:28
e00545,s0216,LAX,B29,75,options_prompt_engaged,2026-08-16 18:23:37
e00546,s0217,ORD,C18,75,delay_detected,2026-08-02 19:24:00
e00547,s0217,ORD,C18,75,options_prompt_shown,2026-08-02 19:24:53
e00548,s0219,ATL,C25,60,delay_detected,2026-08-05 11:38:00
e00549,s0219,ATL,C25,60,options_prompt_shown,2026-08-05 11:38:37
e00550,s0219,ATL,C25,60,options_prompt_engaged,2026-08-05 11:38:44
e00551,s0219,ATL,C25,60,venue_selected,2026-08-05 11:40:19
e00552,s0219,ATL,C25,60,directions_viewed,2026-08-05 11:40:37
