event_id,trip_id,airport,gate,delay_minutes,event_type,event_timestamp
e00000,t0000,ATL,,,checkin_prompt_shown,2026-08-10 16:44:55.567157
e00001,t0001,DIA,,,checkin_prompt_shown,2026-08-04 03:42:38.098828
e00002,t0001,DIA,,,flight_opted_in,2026-08-04 03:42:50.098828
e00003,t0001,DIA,A14,120.0,delay_detected,2026-08-04 09:39:07.108201
e00004,t0001,DIA,A14,120.0,options_prompt_shown,2026-08-04 09:39:27.108201
e00005,t0001,DIA,A14,120.0,options_prompt_engaged,2026-08-04 09:40:24.108201
e00006,t0001,DIA,A14,120.0,gate_entered,2026-08-04 09:41:46.108201
e00007,t0001,DIA,A14,120.0,venue_selected,2026-08-04 09:42:53.108201
e00008,t0001,DIA,A14,120.0,directions_viewed,2026-08-04 09:43:13.108201
e00009,t0002,SEA,,,checkin_prompt_shown,2026-08-02 23:03:10.778916
e00010,t0003,DIA,,,checkin_prompt_shown,2026-08-04 17:21:35.847182
e00011,t0003,DIA,,,flight_opted_in,2026-08-04 17:21:58.847182
e00012,t0003,DIA,C18,120.0,delay_detected,2026-08-04 21:04:32.044495
e00013,t0003,DIA,C18,120.0,options_prompt_shown,2026-08-04 21:04:48.044495
e00014,t0003,DIA,C18,120.0,options_prompt_engaged,2026-08-04 21:06:04.044495
e00015,t0003,DIA,C18,120.0,gate_entered,2026-08-04 21:07:01.044495
e00016,t0003,DIA,C18,120.0,venue_selected,2026-08-04 21:07:27.044495
e00017,t0003,DIA,C18,120.0,directions_viewed,2026-08-04 21:07:35.044495
e00018,t0004,SEA,,,checkin_prompt_shown,2026-08-08 10:15:43.975210
e00019,t0004,SEA,,,flight_opted_in,2026-08-08 10:16:46.975210
e00020,t0004,SEA,B23,75.0,delay_detected,2026-08-08 18:10:27.682550
e00021,t0004,SEA,B23,75.0,options_prompt_shown,2026-08-08 18:10:37.682550
e00022,t0005,SEA,,,checkin_prompt_shown,2026-08-09 02:52:58.053466
e00023,t0006,ATL,,,checkin_prompt_shown,2026-08-03 11:36:54.059245
e00024,t0006,ATL,,,flight_opted_in,2026-08-03 11:37:52.059245
e00025,t0006,ATL,B30,60.0,delay_detected,2026-08-04 06:02:43.328213
e00026,t0006,ATL,B30,60.0,options_prompt_shown,2026-08-04 06:02:50.328213
e00027,t0007,DIA,,,checkin_prompt_shown,2026-08-14 07:20:58.922841
e00028,t0008,ATL,,,checkin_prompt_shown,2026-08-09 03:09:46.572093
e00029,t0008,ATL,,,flight_opted_in,2026-08-09 03:11:05.572093
e00030,t0008,ATL,A9,180.0,delay_detected,2026-08-09 14:40:39.373525
e00031,t0008,ATL,A9,180.0,options_prompt_shown,2026-08-09 14:41:26.373525
e00032,t0008,ATL,A9,180.0,options_prompt_engaged,2026-08-09 14:43:02.373525
e00033,t0008,ATL,A9,180.0,gate_entered,2026-08-09 14:44:25.373525
e00034,t0009,LAX,,,checkin_prompt_shown,2026-08-09 19:49:49.053973
e00035,t0010,ATL,,,checkin_prompt_shown,2026-08-11 04:32:29.436984
e00036,t0010,ATL,,,flight_opted_in,2026-08-11 04:33:52.436984
e00037,t0011,ORD,,,checkin_prompt_shown,2026-08-04 20:26:15.330204
e00038,t0012,LAX,,,checkin_prompt_shown,2026-08-20 07:22:58.054351
e00039,t0012,LAX,,,flight_opted_in,2026-08-20 07:23:24.054351
e00040,t0012,LAX,C29,90.0,delay_detected,2026-08-20 17:37:40.198775
e00041,t0012,LAX,C29,90.0,options_prompt_shown,2026-08-20 17:38:12.198775
e00042,t0013,ATL,,,checkin_prompt_shown,2026-08-09 15:57:12.675700
e00043,t0014,LAX,,,checkin_prompt_shown,2026-08-05 11:59:07.976022
e00044,t0014,LAX,,,flight_opted_in,2026-08-05 11:59:31.976022
e00045,t0014,LAX,A16,60.0,delay_detected,2026-08-06 04:08:17.156875
e00046,t0014,LAX,A16,60.0,options_prompt_shown,2026-08-06 04:08:33.156875
e00047,t0014,LAX,A16,60.0,options_prompt_engaged,2026-08-06 04:08:36.156875
e00048,t0014,LAX,A16,60.0,gate_entered,2026-08-06 04:09:54.156875
e00049,t0014,LAX,A16,60.0,venue_selected,2026-08-06 04:12:28.156875
e00050,t0014,LAX,A16,60.0,directions_viewed,2026-08-06 04:12:34.156875
e00051,t0015,SEA,,,checkin_prompt_shown,2026-08-16 05:48:19.349253
e00052,t0016,DIA,,,checkin_prompt_shown,2026-08-20 07:57:34.017598
e00053,t0017,SEA,,,checkin_prompt_shown,2026-08-10 05:25:01.537555
e00054,t0017,SEA,,,flight_opted_in,2026-08-10 05:26:07.537555
e00055,t0017,SEA,B3,150.0,delay_detected,2026-08-10 15:38:44.187362
e00056,t0018,LAX,,,checkin_prompt_shown,2026-08-08 17:53:42.995424
e00057,t0018,LAX,,,flight_opted_in,2026-08-08 17:54:00.995424
e00058,t0019,SEA,,,checkin_prompt_shown,2026-08-09 04:26:06.521397
e00059,t0019,SEA,,,flight_opted_in,2026-08-09 04:26:20.521397
e00060,t0019,SEA,D5,180.0,delay_detected,2026-08-09 10:13:19.003531
e00061,t0019,SEA,D5,180.0,options_prompt_shown,2026-08-09 10:13:46.003531
e00062,t0020,LAX,,,checkin_prompt_shown,2026-08-19 12:56:53.568738
e00063,t0020,LAX,,,flight_opted_in,2026-08-19 12:57:57.568738
e00064,t0020,LAX,A5,90.0,delay_detected,2026-08-20 01:05:39.078289
e00065,t0020,LAX,A5,90.0,options_prompt_shown,2026-08-20 01:06:05.078289
e00066,t0021,LAX,,,checkin_prompt_shown,2026-08-05 13:53:33.104670
e00067,t0021,LAX,,,flight_opted_in,2026-08-05 13:54:04.104670
e00068,t0021,LAX,A25,120.0,delay_detected,2026-08-05 23:13:17.208276
e00069,t0021,LAX,A25,120.0,options_prompt_shown,2026-08-05 23:14:03.208276
e00070,t0022,ATL,,,checkin_prompt_shown,2026-08-21 05:26:29.488456
e00071,t0022,ATL,,,flight_opted_in,2026-08-21 05:27:02.488456
e00072,t0022,ATL,C21,120.0,delay_detected,2026-08-21 18:54:24.246222
e00073,t0022,ATL,C21,120.0,options_prompt_shown,2026-08-21 18:55:20.246222
e00074,t0023,ORD,,,checkin_prompt_shown,2026-08-19 13:20:45.189725
e00075,t0023,ORD,,,flight_opted_in,2026-08-19 13:21:19.189725
e00076,t0023,ORD,C24,60.0,delay_detected,2026-08-20 02:15:39.676092
e00077,t0023,ORD,C24,60.0,options_prompt_shown,2026-08-20 02:15:45.676092
e00078,t0024,LAX,,,checkin_prompt_shown,2026-08-16 08:13:12.664986
e00079,t0024,LAX,,,flight_opted_in,2026-08-16 08:14:01.664986
e00080,t0024,LAX,C12,90.0,delay_detected,2026-08-17 03:49:50.908490
e00081,t0024,LAX,C12,90.0,options_prompt_shown,2026-08-17 03:50:01.908490
e00082,t0024,LAX,C12,90.0,options_prompt_engaged,2026-08-17 03:50:29.908490
e00083,t0024,LAX,C12,90.0,gate_entered,2026-08-17 03:51:40.908490
e00084,t0024,LAX,C12,90.0,venue_selected,2026-08-17 03:54:26.908490
e00085,t0024,LAX,C12,90.0,directions_viewed,2026-08-17 03:54:43.908490
e00086,t0025,ATL,,,checkin_prompt_shown,2026-08-03 22:11:29.219555
e00087,t0026,DIA,,,checkin_prompt_shown,2026-08-18 21:50:04.744684
e00088,t0027,ORD,,,checkin_prompt_shown,2026-08-05 14:28:22.029133
e00089,t0027,ORD,,,flight_opted_in,2026-08-05 14:29:48.029133
e00090,t0027,ORD,D15,75.0,delay_detected,2026-08-05 17:29:30.917348
e00091,t0027,ORD,D15,75.0,options_prompt_shown,2026-08-05 17:29:40.917348
e00092,t0028,ORD,,,checkin_prompt_shown,2026-08-02 21:50:04.907594
e00093,t0028,ORD,,,flight_opted_in,2026-08-02 21:51:08.907594
e00094,t0028,ORD,D22,180.0,delay_detected,2026-08-03 13:56:13.965722
e00095,t0029,ORD,,,checkin_prompt_shown,2026-08-04 16:10:04.227800
e00096,t0029,ORD,,,flight_opted_in,2026-08-04 16:11:32.227800
e00097,t0030,ORD,,,checkin_prompt_shown,2026-08-20 08:24:41.135336
e00098,t0030,ORD,,,flight_opted_in,2026-08-20 08:25:13.135336
e00099,t0031,ATL,,,checkin_prompt_shown,2026-08-18 03:01:40.389874
e00100,t0031,ATL,,,flight_opted_in,2026-08-18 03:02:18.389874
e00101,t0031,ATL,B2,120.0,delay_detected,2026-08-18 13:40:32.629242
e00102,t0031,ATL,B2,120.0,options_prompt_shown,2026-08-18 13:40:59.629242
e00103,t0032,SEA,,,checkin_prompt_shown,2026-08-13 03:33:40.063601
e00104,t0032,SEA,,,flight_opted_in,2026-08-13 03:34:49.063601
e00105,t0032,SEA,A28,60.0,delay_detected,2026-08-13 16:48:44.170491
e00106,t0032,SEA,A28,60.0,options_prompt_shown,2026-08-13 16:49:00.170491
e00107,t0033,ORD,,,checkin_prompt_shown,2026-08-11 14:08:10.755935
e00108,t0033,ORD,,,flight_opted_in,2026-08-11 14:08:30.755935
e00109,t0033,ORD,D26,120.0,delay_detected,2026-08-11 16:33:44.093707
e00110,t0033,ORD,D26,120.0,options_prompt_shown,2026-08-11 16:34:24.093707
e00111,t0033,ORD,D26,120.0,options_prompt_engaged,2026-08-11 16:34:51.093707
e00112,t0033,ORD,D26,120.0,gate_entered,2026-08-11 16:35:13.093707
e00113,t0033,ORD,D26,120.0,venue_selected,2026-08-11 16:37:46.093707
e00114,t0033,ORD,D26,120.0,directions_viewed,2026-08-11 16:37:50.093707
e00115,t0034,SEA,,,checkin_prompt_shown,2026-08-15 05:21:38.325745
e00116,t0034,SEA,,,flight_opted_in,2026-08-15 05:22:18.325745
e00117,t0034,SEA,D17,90.0,delay_detected,2026-08-15 18:03:33.655342
e00118,t0035,SEA,,,checkin_prompt_shown,2026-08-22 00:02:12.665626
e00119,t0035,SEA,,,flight_opted_in,2026-08-22 00:03:28.665626
e00120,t0035,SEA,B14,60.0,delay_detected,2026-08-22 20:22:40.647691
e00121,t0035,SEA,B14,60.0,options_prompt_shown,2026-08-22 20:23:13.647691
e00122,t0035,SEA,B14,60.0,options_prompt_engaged,2026-08-22 20:24:41.647691
e00123,t0035,SEA,B14,60.0,gate_entered,2026-08-22 20:25:00.647691
e00124,t0035,SEA,B14,60.0,venue_selected,2026-08-22 20:26:27.647691
e00125,t0035,SEA,B14,60.0,directions_viewed,2026-08-22 20:26:33.647691
e00126,t0036,ATL,,,checkin_prompt_shown,2026-08-20 07:25:53.385421
e00127,t0036,ATL,,,flight_opted_in,2026-08-20 07:26:57.385421
e00128,t0036,ATL,A13,60.0,delay_detected,2026-08-21 01:37:22.662655
e00129,t0036,ATL,A13,60.0,options_prompt_shown,2026-08-21 01:37:37.662655
e00130,t0037,ORD,,,checkin_prompt_shown,2026-08-10 15:52:30.667574
e00131,t0038,LAX,,,checkin_prompt_shown,2026-08-05 20:08:19.634871
e00132,t0038,LAX,,,flight_opted_in,2026-08-05 20:08:35.634871
e00133,t0038,LAX,C18,150.0,delay_detected,2026-08-06 05:33:36.503051
e00134,t0038,LAX,C18,150.0,options_prompt_shown,2026-08-06 05:34:26.503051
e00135,t0038,LAX,C18,150.0,options_prompt_engaged,2026-08-06 05:35:11.503051
e00136,t0038,LAX,C18,150.0,gate_entered,2026-08-06 05:35:58.503051
e00137,t0038,LAX,C18,150.0,venue_selected,2026-08-06 05:36:24.503051
e00138,t0038,LAX,C18,150.0,directions_viewed,2026-08-06 05:36:33.503051
e00139,t0039,DIA,,,checkin_prompt_shown,2026-08-07 05:01:02.893466
e00140,t0039,DIA,,,flight_opted_in,2026-08-07 05:01:30.893466
e00141,t0039,DIA,D28,75.0,delay_detected,2026-08-07 23:24:29.191629
e00142,t0039,DIA,D28,75.0,options_prompt_shown,2026-08-07 23:25:26.191629
e00143,t0040,LAX,,,checkin_prompt_shown,2026-08-21 01:35:05.390656
e00144,t0040,LAX,,,flight_opted_in,2026-08-21 01:36:13.390656
e00145,t0040,LAX,C2,150.0,delay_detected,2026-08-21 10:07:33.006748
e00146,t0040,LAX,C2,150.0,options_prompt_shown,2026-08-21 10:07:49.006748
e00147,t0041,DIA,,,checkin_prompt_shown,2026-08-01 22:27:14.983810
e00148,t0041,DIA,,,flight_opted_in,2026-08-01 22:27:52.983810
e00149,t0042,ORD,,,checkin_prompt_shown,2026-08-19 18:35:56.187013
e00150,t0042,ORD,,,flight_opted_in,2026-08-19 18:36:02.187013
e00151,t0042,ORD,D30,75.0,delay_detected,2026-08-20 18:28:10.714742
e00152,t0042,ORD,D30,75.0,options_prompt_shown,2026-08-20 18:28:54.714742
e00153,t0042,ORD,D30,75.0,options_prompt_engaged,2026-08-20 18:30:04.714742
e00154,t0042,ORD,D30,75.0,gate_entered,2026-08-20 18:30:28.714742
e00155,t0043,ATL,,,checkin_prompt_shown,2026-08-05 16:12:32.807567
e00156,t0044,ATL,,,checkin_prompt_shown,2026-08-06 05:44:45.816538
e00157,t0044,ATL,,,flight_opted_in,2026-08-06 05:45:54.816538
e00158,t0044,ATL,C26,150.0,delay_detected,2026-08-06 10:51:24.926951
e00159,t0044,ATL,C26,150.0,options_prompt_shown,2026-08-06 10:51:45.926951
e00160,t0044,ATL,C26,150.0,options_prompt_engaged,2026-08-06 10:51:50.926951
e00161,t0044,ATL,C26,150.0,gate_entered,2026-08-06 10:53:10.926951
e00162,t0045,SEA,,,checkin_prompt_shown,2026-08-21 17:23:39.319168
e00163,t0045,SEA,,,flight_opted_in,2026-08-21 17:25:08.319168
e00164,t0045,SEA,D18,180.0,delay_detected,2026-08-22 09:22:17.095445
e00165,t0045,SEA,D18,180.0,options_prompt_shown,2026-08-22 09:22:47.095445
e00166,t0046,ATL,,,checkin_prompt_shown,2026-08-06 21:30:20.885964
e00167,t0046,ATL,,,flight_opted_in,2026-08-06 21:31:46.885964
e00168,t0046,ATL,C2,60.0,delay_detected,2026-08-07 07:50:15.856245
e00169,t0046,ATL,C2,60.0,options_prompt_shown,2026-08-07 07:50:20.856245
e00170,t0046,ATL,C2,60.0,options_prompt_engaged,2026-08-07 07:51:57.856245
e00171,t0047,LAX,,,checkin_prompt_shown,2026-08-03 06:55:04.499352
e00172,t0048,LAX,,,checkin_prompt_shown,2026-08-16 11:53:34.467756
e00173,t0049,SEA,,,checkin_prompt_shown,2026-08-07 19:48:47.197497
e00174,t0049,SEA,,,flight_opted_in,2026-08-07 19:49:15.197497
e00175,t0049,SEA,A9,60.0,delay_detected,2026-08-08 03:00:31.436765
e00176,t0049,SEA,A9,60.0,options_prompt_shown,2026-08-08 03:00:57.436765
e00177,t0050,SEA,,,checkin_prompt_shown,2026-08-02 08:45:53.328481
e00178,t0051,ATL,,,checkin_prompt_shown,2026-08-05 10:13:43.610058
e00179,t0051,ATL,,,flight_opted_in,2026-08-05 10:14:36.610058
e00180,t0052,SEA,,,checkin_prompt_shown,2026-08-07 06:44:39.944072
e00181,t0052,SEA,,,flight_opted_in,2026-08-07 06:44:44.944072
e00182,t0053,DIA,,,checkin_prompt_shown,2026-08-13 23:27:09.948206
e00183,t0053,DIA,,,flight_opted_in,2026-08-13 23:27:16.948206
e00184,t0053,DIA,B3,75.0,delay_detected,2026-08-14 07:27:08.397793
e00185,t0053,DIA,B3,75.0,options_prompt_shown,2026-08-14 07:27:46.397793
e00186,t0054,ORD,,,checkin_prompt_shown,2026-08-17 05:46:51.773374
e00187,t0055,SEA,,,checkin_prompt_shown,2026-08-08 15:20:54.223100
e00188,t0056,LAX,,,checkin_prompt_shown,2026-08-16 21:35:13.616077
e00189,t0056,LAX,,,flight_opted_in,2026-08-16 21:35:36.616077
e00190,t0057,SEA,,,checkin_prompt_shown,2026-08-17 14:03:21.495542
e00191,t0058,SEA,,,checkin_prompt_shown,2026-08-12 15:20:36.177506
e00192,t0059,SEA,,,checkin_prompt_shown,2026-08-19 07:02:18.608073
e00193,t0059,SEA,,,flight_opted_in,2026-08-19 07:03:37.608073
e00194,t0059,SEA,B3,180.0,delay_detected,2026-08-20 04:35:43.910247
e00195,t0059,SEA,B3,180.0,options_prompt_shown,2026-08-20 04:35:56.910247
e00196,t0060,DIA,,,checkin_prompt_shown,2026-08-11 08:02:19.818086
e00197,t0060,DIA,,,flight_opted_in,2026-08-11 08:03:44.818086
e00198,t0061,ORD,,,checkin_prompt_shown,2026-08-01 20:44:35.028804
e00199,t0061,ORD,,,flight_opted_in,2026-08-01 20:44:48.028804
e00200,t0061,ORD,A22,150.0,delay_detected,2026-08-02 19:11:39.413843
e00201,t0061,ORD,A22,150.0,options_prompt_shown,2026-08-02 19:12:31.413843
e00202,t0062,ATL,,,checkin_prompt_shown,2026-08-20 04:25:16.502571
e00203,t0062,ATL,,,flight_opted_in,2026-08-20 04:25:47.502571
e00204,t0062,ATL,D16,60.0,delay_detected,2026-08-20 22:26:45.309941
e00205,t0062,ATL,D16,60.0,options_prompt_shown,2026-08-20 22:26:54.309941
e00206,t0063,ATL,,,checkin_prompt_shown,2026-08-15 05:24:26.217143
e00207,t0063,ATL,,,flight_opted_in,2026-08-15 05:24:56.217143
e00208,t0064,ATL,,,checkin_prompt_shown,2026-08-17 10:05:40.440335
e00209,t0065,SEA,,,checkin_prompt_shown,2026-08-02 03:37:34.610696
e00210,t0065,SEA,,,flight_opted_in,2026-08-02 03:38:41.610696
e00211,t0065,SEA,A23,75.0,delay_detected,2026-08-03 03:00:45.356656
e00212,t0065,SEA,A23,75.0,options_prompt_shown,2026-08-03 03:01:21.356656
e00213,t0065,SEA,A23,75.0,options_prompt_engaged,2026-08-03 03:02:30.356656
e00214,t0065,SEA,A23,75.0,gate_entered,2026-08-03 03:03:39.356656
e00215,t0065,SEA,A23,75.0,venue_selected,2026-08-03 03:04:19.356656
e00216,t0066,SEA,,,checkin_prompt_shown,2026-08-03 07:46:55.202580
e00217,t0067,DIA,,,checkin_prompt_shown,2026-08-03 05:57:00.479188
e00218,t0068,LAX,,,checkin_prompt_shown,2026-08-10 13:51:18.745467
e00219,t0068,LAX,,,flight_opted_in,2026-08-10 13:51:49.745467
e00220,t0069,ORD,,,checkin_prompt_shown,2026-08-07 15:56:22.805780
e00221,t0070,ORD,,,checkin_prompt_shown,2026-08-15 09:28:50.799965
e00222,t0070,ORD,,,flight_opted_in,2026-08-15 09:29:09.799965
e00223,t0070,ORD,D29,150.0,delay_detected,2026-08-15 18:53:07.409905
e00224,t0070,ORD,D29,150.0,options_prompt_shown,2026-08-15 18:53:37.409905
e00225,t0070,ORD,D29,150.0,options_prompt_engaged,2026-08-15 18:53:40.409905
e00226,t0071,LAX,,,checkin_prompt_shown,2026-08-17 05:43:48.230075
e00227,t0071,LAX,,,flight_opted_in,2026-08-17 05:44:37.230075
e00228,t0071,LAX,C1,90.0,delay_detected,2026-08-17 14:00:48.492232
e00229,t0071,LAX,C1,90.0,options_prompt_shown,2026-08-17 14:01:14.492232
e00230,t0072,DIA,,,checkin_prompt_shown,2026-08-06 10:33:25.720663
e00231,t0073,ATL,,,checkin_prompt_shown,2026-08-02 23:04:37.535487
e00232,t0073,ATL,,,flight_opted_in,2026-08-02 23:05:57.535487
e00233,t0074,LAX,,,checkin_prompt_shown,2026-08-20 07:08:08.712393
e00234,t0074,LAX,,,flight_opted_in,2026-08-20 07:08:26.712393
e00235,t0075,ATL,,,checkin_prompt_shown,2026-08-05 03:14:20.846144
e00236,t0075,ATL,,,flight_opted_in,2026-08-05 03:14:59.846144
e00237,t0075,ATL,B25,90.0,delay_detected,2026-08-05 16:00:07.581534
e00238,t0075,ATL,B25,90.0,options_prompt_shown,2026-08-05 16:00:39.581534
e00239,t0076,LAX,,,checkin_prompt_shown,2026-08-14 00:55:19.823876
e00240,t0076,LAX,,,flight_opted_in,2026-08-14 00:55:34.823876
e00241,t0077,LAX,,,checkin_prompt_shown,2026-08-17 19:49:14.340544
e00242,t0077,LAX,,,flight_opted_in,2026-08-17 19:49:55.340544
e00243,t0077,LAX,B6,90.0,delay_detected,2026-08-17 21:57:30.628277
e00244,t0077,LAX,B6,90.0,options_prompt_shown,2026-08-17 21:57:56.628277
e00245,t0077,LAX,B6,90.0,options_prompt_engaged,2026-08-17 21:58:31.628277
e00246,t0077,LAX,B6,90.0,gate_entered,2026-08-17 21:59:14.628277
e00247,t0077,LAX,B6,90.0,venue_selected,2026-08-17 22:00:25.628277
e00248,t0077,LAX,B6,90.0,directions_viewed,2026-08-17 22:00:44.628277
e00249,t0078,DIA,,,checkin_prompt_shown,2026-08-04 22:00:57.525214
e00250,t0078,DIA,,,flight_opted_in,2026-08-04 22:02:06.525214
e00251,t0078,DIA,B15,180.0,delay_detected,2026-08-05 10:28:04.400239
e00252,t0078,DIA,B15,180.0,options_prompt_shown,2026-08-05 10:28:57.400239
e00253,t0079,ORD,,,checkin_prompt_shown,2026-08-07 01:08:48.649788
e00254,t0079,ORD,,,flight_opted_in,2026-08-07 01:09:36.649788
e00255,t0079,ORD,B12,120.0,delay_detected,2026-08-07 04:15:19.261122
e00256,t0079,ORD,B12,120.0,options_prompt_shown,2026-08-07 04:16:00.261122
e00257,t0079,ORD,B12,120.0,options_prompt_engaged,2026-08-07 04:16:05.261122
e00258,t0079,ORD,B12,120.0,gate_entered,2026-08-07 04:17:07.261122
e00259,t0079,ORD,B12,120.0,venue_selected,2026-08-07 04:19:31.261122
e00260,t0079,ORD,B12,120.0,directions_viewed,2026-08-07 04:19:41.261122
e00261,t0080,DIA,,,checkin_prompt_shown,2026-08-14 01:57:19.805353
e00262,t0081,ORD,,,checkin_prompt_shown,2026-08-13 06:28:55.474744
e00263,t0081,ORD,,,flight_opted_in,2026-08-13 06:29:27.474744
e00264,t0082,ORD,,,checkin_prompt_shown,2026-08-15 11:13:46.049609
e00265,t0082,ORD,,,flight_opted_in,2026-08-15 11:14:30.049609
e00266,t0082,ORD,A5,180.0,delay_detected,2026-08-16 06:58:17.316015
e00267,t0082,ORD,A5,180.0,options_prompt_shown,2026-08-16 06:59:07.316015
e00268,t0083,LAX,,,checkin_prompt_shown,2026-08-12 17:14:19.501382
e00269,t0083,LAX,,,flight_opted_in,2026-08-12 17:15:14.501382
e00270,t0083,LAX,D15,180.0,delay_detected,2026-08-13 06:23:41.426566
e00271,t0083,LAX,D15,180.0,options_prompt_shown,2026-08-13 06:23:52.426566
e00272,t0083,LAX,D15,180.0,options_prompt_engaged,2026-08-13 06:24:14.426566
e00273,t0083,LAX,D15,180.0,gate_entered,2026-08-13 06:24:37.426566
e00274,t0084,LAX,,,checkin_prompt_shown,2026-08-17 23:02:24.292042
e00275,t0084,LAX,,,flight_opted_in,2026-08-17 23:02:45.292042
e00276,t0084,LAX,A21,60.0,delay_detected,2026-08-18 13:08:30.145403
e00277,t0084,LAX,A21,60.0,options_prompt_shown,2026-08-18 13:08:43.145403
e00278,t0085,SEA,,,checkin_prompt_shown,2026-08-16 20:16:15.550814
e00279,t0086,DIA,,,checkin_prompt_shown,2026-08-12 13:41:18.404882
e00280,t0087,ORD,,,checkin_prompt_shown,2026-08-06 11:18:50.280257
e00281,t0088,DIA,,,checkin_prompt_shown,2026-08-07 18:15:03.885687
e00282,t0089,ATL,,,checkin_prompt_shown,2026-08-16 01:00:52.413572
e00283,t0090,ORD,,,checkin_prompt_shown,2026-08-06 19:24:26.284614
e00284,t0090,ORD,,,flight_opted_in,2026-08-06 19:24:34.284614
e00285,t0090,ORD,C2,90.0,delay_detected,2026-08-07 12:36:59.607895
e00286,t0090,ORD,C2,90.0,options_prompt_shown,2026-08-07 12:37:35.607895
e00287,t0091,LAX,,,checkin_prompt_shown,2026-08-06 05:56:46.354760
e00288,t0092,ATL,,,checkin_prompt_shown,2026-08-02 06:26:34.316728
e00289,t0093,LAX,,,checkin_prompt_shown,2026-08-10 02:41:44.438649
e00290,t0093,LAX,,,flight_opted_in,2026-08-10 02:42:26.438649
e00291,t0093,LAX,A7,150.0,delay_detected,2026-08-10 23:08:44.835629
e00292,t0093,LAX,A7,150.0,options_prompt_shown,2026-08-10 23:09:01.835629
e00293,t0093,LAX,A7,150.0,options_prompt_engaged,2026-08-10 23:10:48.835629
e00294,t0093,LAX,A7,150.0,gate_entered,2026-08-10 23:11:57.835629
e00295,t0093,LAX,A7,150.0,venue_selected,2026-08-10 23:13:22.835629
e00296,t0093,LAX,A7,150.0,directions_viewed,2026-08-10 23:13:39.835629
e00297,t0094,ORD,,,checkin_prompt_shown,2026-08-21 05:38:28.556539
e00298,t0095,SEA,,,checkin_prompt_shown,2026-08-09 20:30:47.495863
e00299,t0095,SEA,,,flight_opted_in,2026-08-09 20:30:55.495863
e00300,t0095,SEA,A23,120.0,delay_detected,2026-08-10 00:46:45.733089
e00301,t0095,SEA,A23,120.0,options_prompt_shown,2026-08-10 00:47:15.733089
e00302,t0096,ATL,,,checkin_prompt_shown,2026-08-03 17:35:07.333375
e00303,t0097,ATL,,,checkin_prompt_shown,2026-08-15 10:34:35.056362
e00304,t0098,LAX,,,checkin_prompt_shown,2026-08-15 12:45:55.614624
e00305,t0099,ATL,,,checkin_prompt_shown,2026-08-11 17:38:22.520870
e00306,t0099,ATL,,,flight_opted_in,2026-08-11 17:38:27.520870
e00307,t0100,ATL,,,checkin_prompt_shown,2026-08-20 15:05:03.824944
e00308,t0100,ATL,,,flight_opted_in,2026-08-20 15:05:34.824944
e00309,t0100,ATL,C27,90.0,delay_detected,2026-08-21 00:17:43.724435
e00310,t0100,ATL,C27,90.0,options_prompt_shown,2026-08-21 00:17:53.724435
e00311,t0100,ATL,C27,90.0,options_prompt_engaged,2026-08-21 00:18:56.724435
e00312,t0100,ATL,C27,90.0,gate_entered,2026-08-21 00:20:15.724435
e00313,t0101,ORD,,,checkin_prompt_shown,2026-08-17 08:45:33.913656
e00314,t0102,DIA,,,checkin_prompt_shown,2026-08-07 05:09:35.607683
e00315,t0103,LAX,,,checkin_prompt_shown,2026-08-02 01:58:32.115410
e00316,t0103,LAX,,,flight_opted_in,2026-08-02 01:58:44.115410
e00317,t0103,LAX,A29,75.0,delay_detected,2026-08-02 07:27:45.267615
e00318,t0103,LAX,A29,75.0,options_prompt_shown,2026-08-02 07:28:13.267615
e00319,t0103,LAX,A29,75.0,options_prompt_engaged,2026-08-02 07:29:34.267615
e00320,t0103,LAX,A29,75.0,gate_entered,2026-08-02 07:30:24.267615
e00321,t0104,ATL,,,checkin_prompt_shown,2026-08-17 10:05:25.867617
e00322,t0104,ATL,,,flight_opted_in,2026-08-17 10:06:51.867617
e00323,t0105,ORD,,,checkin_prompt_shown,2026-08-16 16:34:27.382427
e00324,t0106,LAX,,,checkin_prompt_shown,2026-08-21 13:57:18.621301
e00325,t0106,LAX,,,flight_opted_in,2026-08-21 13:58:26.621301
e00326,t0106,LAX,B1,60.0,delay_detected,2026-08-22 12:19:13.253268
e00327,t0106,LAX,B1,60.0,options_prompt_shown,2026-08-22 12:20:05.253268
e00328,t0106,LAX,B1,60.0,options_prompt_engaged,2026-08-22 12:21:36.253268
e00329,t0106,LAX,B1,60.0,gate_entered,2026-08-22 12:23:03.253268
e00330,t0106,LAX,B1,60.0,venue_selected,2026-08-22 12:24:34.253268
e00331,t0106,LAX,B1,60.0,directions_viewed,2026-08-22 12:24:38.253268
e00332,t0107,LAX,,,checkin_prompt_shown,2026-08-07 08:04:09.321945
e00333,t0107,LAX,,,flight_opted_in,2026-08-07 08:05:37.321945
e00334,t0108,SEA,,,checkin_prompt_shown,2026-08-10 17:49:05.521792
e00335,t0109,DIA,,,checkin_prompt_shown,2026-08-03 09:21:26.609718
e00336,t0109,DIA,,,flight_opted_in,2026-08-03 09:22:24.609718
e00337,t0109,DIA,D6,90.0,delay_detected,2026-08-04 09:06:26.790661
e00338,t0109,DIA,D6,90.0,options_prompt_shown,2026-08-04 09:06:57.790661
e00339,t0110,ORD,,,checkin_prompt_shown,2026-08-20 02:57:05.216664
e00340,t0111,DIA,,,checkin_prompt_shown,2026-08-08 08:42:50.451133
e00341,t0111,DIA,,,flight_opted_in,2026-08-08 08:44:07.451133
e00342,t0111,DIA,C7,75.0,delay_detected,2026-08-08 18:18:49.453032
e00343,t0111,DIA,C7,75.0,options_prompt_shown,2026-08-08 18:19:05.453032
e00344,t0111,DIA,C7,75.0,options_prompt_engaged,2026-08-08 18:19:27.453032
e00345,t0111,DIA,C7,75.0,gate_entered,2026-08-08 18:20:51.453032
e00346,t0111,DIA,C7,75.0,venue_selected,2026-08-08 18:21:17.453032
e00347,t0111,DIA,C7,75.0,directions_viewed,2026-08-08 18:21:26.453032
e00348,t0112,ORD,,,checkin_prompt_shown,2026-08-04 02:35:28.952642
e00349,t0113,DIA,,,checkin_prompt_shown,2026-08-11 13:27:21.521147
e00350,t0114,ORD,,,checkin_prompt_shown,2026-08-21 16:10:24.069860
e00351,t0114,ORD,,,flight_opted_in,2026-08-21 16:11:06.069860
e00352,t0114,ORD,B20,60.0,delay_detected,2026-08-21 19:55:37.206720
e00353,t0115,SEA,,,checkin_prompt_shown,2026-08-03 02:39:35.562957
e00354,t0115,SEA,,,flight_opted_in,2026-08-03 02:40:02.562957
e00355,t0115,SEA,A4,90.0,delay_detected,2026-08-03 17:32:14.456061
e00356,t0115,SEA,A4,90.0,options_prompt_shown,2026-08-03 17:33:04.456061
e00357,t0116,ORD,,,checkin_prompt_shown,2026-08-08 14:53:56.069750
e00358,t0116,ORD,,,flight_opted_in,2026-08-08 14:54:27.069750
e00359,t0116,ORD,B27,75.0,delay_detected,2026-08-08 16:47:13.010273
e00360,t0116,ORD,B27,75.0,options_prompt_shown,2026-08-08 16:47:38.010273
e00361,t0117,ATL,,,checkin_prompt_shown,2026-08-08 03:26:36.536607
e00362,t0117,ATL,,,flight_opted_in,2026-08-08 03:26:45.536607
e00363,t0117,ATL,D3,180.0,delay_detected,2026-08-08 15:50:43.305798
e00364,t0117,ATL,D3,180.0,options_prompt_shown,2026-08-08 15:51:38.305798
e00365,t0118,SEA,,,checkin_prompt_shown,2026-08-12 20:42:33.307182
e00366,t0118,SEA,,,flight_opted_in,2026-08-12 20:42:58.307182
e00367,t0118,SEA,D10,90.0,delay_detected,2026-08-13 13:42:37.914675
e00368,t0118,SEA,D10,90.0,options_prompt_shown,2026-08-13 13:43:08.914675
e00369,t0119,ATL,,,checkin_prompt_shown,2026-08-20 21:53:17.165615
e00370,t0119,ATL,,,flight_opted_in,2026-08-20 21:54:15.165615
e00371,t0120,ATL,,,checkin_prompt_shown,2026-08-10 07:28:02.917412
e00372,t0121,ORD,,,checkin_prompt_shown,2026-08-11 12:36:27.712244
e00373,t0122,LAX,,,checkin_prompt_shown,2026-08-03 08:43:29.794835
e00374,t0122,LAX,,,flight_opted_in,2026-08-03 08:44:20.794835
e00375,t0122,LAX,B1,90.0,delay_detected,2026-08-04 03:31:09.706542
e00376,t0122,LAX,B1,90.0,options_prompt_shown,2026-08-04 03:31:23.706542
e00377,t0123,LAX,,,checkin_prompt_shown,2026-08-14 16:08:12.288076
e00378,t0124,SEA,,,checkin_prompt_shown,2026-08-08 22:07:13.640979
e00379,t0124,SEA,,,flight_opted_in,2026-08-08 22:08:24.640979
e00380,t0124,SEA,A13,60.0,delay_detected,2026-08-09 20:25:36.023584
e00381,t0124,SEA,A13,60.0,options_prompt_shown,2026-08-09 20:26:32.023584
e00382,t0125,ORD,,,checkin_prompt_shown,2026-08-19 11:14:19.561167
e00383,t0126,LAX,,,checkin_prompt_shown,2026-08-14 14:32:55.043784
e00384,t0127,LAX,,,checkin_prompt_shown,2026-08-16 14:04:15.838476
e00385,t0127,LAX,,,flight_opted_in,2026-08-16 14:04:40.838476
e00386,t0127,LAX,B20,150.0,delay_detected,2026-08-17 09:09:07.195824
e00387,t0127,LAX,B20,150.0,options_prompt_shown,2026-08-17 09:10:06.195824
e00388,t0127,LAX,B20,150.0,options_prompt_engaged,2026-08-17 09:11:09.195824
e00389,t0127,LAX,B20,150.0,gate_entered,2026-08-17 09:11:46.195824
e00390,t0127,LAX,B20,150.0,venue_selected,2026-08-17 09:14:08.195824
e00391,t0127,LAX,B20,150.0,directions_viewed,2026-08-17 09:14:21.195824
e00392,t0128,ORD,,,checkin_prompt_shown,2026-08-19 16:17:47.814483
e00393,t0129,DIA,,,checkin_prompt_shown,2026-08-20 04:12:45.721254
e00394,t0130,DIA,,,checkin_prompt_shown,2026-08-08 21:01:46.251207
e00395,t0130,DIA,,,flight_opted_in,2026-08-08 21:03:07.251207
e00396,t0130,DIA,C21,90.0,delay_detected,2026-08-09 10:42:11.543313
e00397,t0130,DIA,C21,90.0,options_prompt_shown,2026-08-09 10:42:53.543313
e00398,t0130,DIA,C21,90.0,options_prompt_engaged,2026-08-09 10:43:45.543313
e00399,t0130,DIA,C21,90.0,gate_entered,2026-08-09 10:44:52.543313
e00400,t0130,DIA,C21,90.0,venue_selected,2026-08-09 10:45:47.543313
e00401,t0130,DIA,C21,90.0,directions_viewed,2026-08-09 10:46:04.543313
e00402,t0131,LAX,,,checkin_prompt_shown,2026-08-18 17:19:32.032826
e00403,t0132,ORD,,,checkin_prompt_shown,2026-08-10 15:27:09.736251
e00404,t0132,ORD,,,flight_opted_in,2026-08-10 15:27:30.736251
e00405,t0132,ORD,A26,75.0,delay_detected,2026-08-11 02:21:44.334010
e00406,t0132,ORD,A26,75.0,options_prompt_shown,2026-08-11 02:22:21.334010
e00407,t0133,DIA,,,checkin_prompt_shown,2026-08-03 17:16:28.158715
e00408,t0134,ATL,,,checkin_prompt_shown,2026-08-12 23:39:47.757860
e00409,t0134,ATL,,,flight_opted_in,2026-08-12 23:40:56.757860
e00410,t0134,ATL,B1,90.0,delay_detected,2026-08-13 15:41:44.098202
e00411,t0134,ATL,B1,90.0,options_prompt_shown,2026-08-13 15:42:28.098202
e00412,t0135,DIA,,,checkin_prompt_shown,2026-08-20 09:38:56.310996
e00413,t0135,DIA,,,flight_opted_in,2026-08-20 09:39:22.310996
e00414,t0135,DIA,B3,150.0,delay_detected,2026-08-21 04:47:20.301043
e00415,t0135,DIA,B3,150.0,options_prompt_shown,2026-08-21 04:48:04.301043
e00416,t0136,ORD,,,checkin_prompt_shown,2026-08-14 17:46:19.690294
e00417,t0136,ORD,,,flight_opted_in,2026-08-14 17:47:22.690294
e00418,t0136,ORD,D7,60.0,delay_detected,2026-08-15 00:38:07.254121
e00419,t0136,ORD,D7,60.0,options_prompt_shown,2026-08-15 00:38:51.254121
e00420,t0137,ATL,,,checkin_prompt_shown,2026-08-05 21:56:03.864350
e00421,t0137,ATL,,,flight_opted_in,2026-08-05 21:56:28.864350
e00422,t0137,ATL,C29,150.0,delay_detected,2026-08-06 20:28:43.095752
e00423,t0137,ATL,C29,150.0,options_prompt_shown,2026-08-06 20:29:38.095752
e00424,t0138,DIA,,,checkin_prompt_shown,2026-08-03 02:26:18.158911
e00425,t0138,DIA,,,flight_opted_in,2026-08-03 02:27:09.158911
e00426,t0138,DIA,A9,180.0,delay_detected,2026-08-03 13:52:20.754354
e00427,t0139,LAX,,,checkin_prompt_shown,2026-08-09 23:42:36.557692
e00428,t0139,LAX,,,flight_opted_in,2026-08-09 23:43:28.557692
e00429,t0139,LAX,C25,120.0,delay_detected,2026-08-10 04:05:13.540469
e00430,t0139,LAX,C25,120.0,options_prompt_shown,2026-08-10 04:05:32.540469
e00431,t0139,LAX,C25,120.0,options_prompt_engaged,2026-08-10 04:07:10.540469
e00432,t0140,ATL,,,checkin_prompt_shown,2026-08-07 12:40:32.819270
e00433,t0140,ATL,,,flight_opted_in,2026-08-07 12:41:51.819270
e00434,t0140,ATL,A24,150.0,delay_detected,2026-08-08 10:17:57.682026
e00435,t0140,ATL,A24,150.0,options_prompt_shown,2026-08-08 10:18:11.682026
e00436,t0140,ATL,A24,150.0,options_prompt_engaged,2026-08-08 10:19:34.682026
e00437,t0140,ATL,A24,150.0,gate_entered,2026-08-08 10:20:49.682026
e00438,t0140,ATL,A24,150.0,venue_selected,2026-08-08 10:21:11.682026
e00439,t0140,ATL,A24,150.0,directions_viewed,2026-08-08 10:21:20.682026
e00440,t0141,DIA,,,checkin_prompt_shown,2026-08-01 09:32:05.814735
e00441,t0141,DIA,,,flight_opted_in,2026-08-01 09:32:48.814735
e00442,t0142,SEA,,,checkin_prompt_shown,2026-08-13 23:22:55.974349
e00443,t0142,SEA,,,flight_opted_in,2026-08-13 23:23:17.974349
e00444,t0142,SEA,D6,60.0,delay_detected,2026-08-14 08:48:42.193490
e00445,t0142,SEA,D6,60.0,options_prompt_shown,2026-08-14 08:49:38.193490
e00446,t0142,SEA,D6,60.0,options_prompt_engaged,2026-08-14 08:50:00.193490
e00447,t0142,SEA,D6,60.0,gate_entered,2026-08-14 08:50:18.193490
e00448,t0142,SEA,D6,60.0,venue_selected,2026-08-14 08:53:18.193490
e00449,t0142,SEA,D6,60.0,directions_viewed,2026-08-14 08:53:32.193490
e00450,t0143,DIA,,,checkin_prompt_shown,2026-08-18 21:20:49.680648
e00451,t0143,DIA,,,flight_opted_in,2026-08-18 21:21:38.680648
e00452,t0143,DIA,D20,120.0,delay_detected,2026-08-19 13:12:34.700183
e00453,t0144,LAX,,,checkin_prompt_shown,2026-08-20 19:57:50.142352
e00454,t0144,LAX,,,flight_opted_in,2026-08-20 19:58:02.142352
e00455,t0144,LAX,B8,120.0,delay_detected,2026-08-20 21:32:50.792227
e00456,t0144,LAX,B8,120.0,options_prompt_shown,2026-08-20 21:33:44.792227
e00457,t0144,LAX,B8,120.0,options_prompt_engaged,2026-08-20 21:35:05.792227
e00458,t0144,LAX,B8,120.0,gate_entered,2026-08-20 21:35:40.792227
e00459,t0144,LAX,B8,120.0,venue_selected,2026-08-20 21:36:41.792227
e00460,t0144,LAX,B8,120.0,directions_viewed,2026-08-20 21:36:59.792227
e00461,t0145,LAX,,,checkin_prompt_shown,2026-08-05 20:31:16.101531
e00462,t0145,LAX,,,flight_opted_in,2026-08-05 20:31:29.101531
e00463,t0145,LAX,D23,75.0,delay_detected,2026-08-06 11:55:18.905406
e00464,t0145,LAX,D23,75.0,options_prompt_shown,2026-08-06 11:55:47.905406
e00465,t0146,LAX,,,checkin_prompt_shown,2026-08-15 08:55:53.347111
e00466,t0146,LAX,,,flight_opted_in,2026-08-15 08:56:26.347111
e00467,t0147,DIA,,,checkin_prompt_shown,2026-08-20 10:57:30.228025
e00468,t0148,ATL,,,checkin_prompt_shown,2026-08-07 17:04:49.517246
e00469,t0148,ATL,,,flight_opted_in,2026-08-07 17:05:49.517246
e00470,t0148,ATL,C10,150.0,delay_detected,2026-08-08 12:13:53.178650
e00471,t0148,ATL,C10,150.0,options_prompt_shown,2026-08-08 12:14:11.178650
e00472,t0148,ATL,C10,150.0,options_prompt_engaged,2026-08-08 12:15:18.178650
e00473,t0148,ATL,C10,150.0,gate_entered,2026-08-08 12:16:01.178650
e00474,t0149,ORD,,,checkin_prompt_shown,2026-08-18 04:40:21.898158
e00475,t0150,ORD,,,checkin_prompt_shown,2026-08-09 05:07:26.238506
e00476,t0150,ORD,,,flight_opted_in,2026-08-09 05:08:19.238506
e00477,t0150,ORD,D16,180.0,delay_detected,2026-08-09 20:38:40.870849
e00478,t0150,ORD,D16,180.0,options_prompt_shown,2026-08-09 20:39:29.870849
e00479,t0150,ORD,D16,180.0,options_prompt_engaged,2026-08-09 20:39:35.870849
e00480,t0150,ORD,D16,180.0,gate_entered,2026-08-09 20:40:14.870849
e00481,t0150,ORD,D16,180.0,venue_selected,2026-08-09 20:41:42.870849
e00482,t0150,ORD,D16,180.0,directions_viewed,2026-08-09 20:41:56.870849
e00483,t0151,DIA,,,checkin_prompt_shown,2026-08-05 12:33:53.675279
e00484,t0151,DIA,,,flight_opted_in,2026-08-05 12:34:01.675279
e00485,t0152,ORD,,,checkin_prompt_shown,2026-08-04 16:16:36.222195
e00486,t0153,DIA,,,checkin_prompt_shown,2026-08-16 02:59:58.511570
e00487,t0153,DIA,,,flight_opted_in,2026-08-16 03:00:08.511570
e00488,t0153,DIA,A3,150.0,delay_detected,2026-08-16 05:33:44.644481
e00489,t0153,DIA,A3,150.0,options_prompt_shown,2026-08-16 05:34:37.644481
e00490,t0153,DIA,A3,150.0,options_prompt_engaged,2026-08-16 05:36:24.644481
e00491,t0154,SEA,,,checkin_prompt_shown,2026-08-03 14:23:26.610702
e00492,t0155,LAX,,,checkin_prompt_shown,2026-08-05 19:34:14.812805
e00493,t0155,LAX,,,flight_opted_in,2026-08-05 19:34:23.812805
e00494,t0156,DIA,,,checkin_prompt_shown,2026-08-15 14:48:05.207231
e00495,t0156,DIA,,,flight_opted_in,2026-08-15 14:49:11.207231
e00496,t0157,ORD,,,checkin_prompt_shown,2026-08-08 19:04:01.291943
e00497,t0157,ORD,,,flight_opted_in,2026-08-08 19:04:08.291943
e00498,t0157,ORD,C2,75.0,delay_detected,2026-08-09 01:58:23.239577
e00499,t0157,ORD,C2,75.0,options_prompt_shown,2026-08-09 01:58:51.239577
e00500,t0158,SEA,,,checkin_prompt_shown,2026-08-19 23:05:22.904369
e00501,t0158,SEA,,,flight_opted_in,2026-08-19 23:05:30.904369
e00502,t0158,SEA,D17,180.0,delay_detected,2026-08-20 09:35:20.757967
e00503,t0158,SEA,D17,180.0,options_prompt_shown,2026-08-20 09:35:47.757967
e00504,t0159,DIA,,,checkin_prompt_shown,2026-08-06 10:54:32.879011
e00505,t0160,DIA,,,checkin_prompt_shown,2026-08-08 00:47:20.334776
e00506,t0160,DIA,,,flight_opted_in,2026-08-08 00:47:25.334776
e00507,t0160,DIA,A1,120.0,delay_detected,2026-08-08 06:26:13.846725
e00508,t0160,DIA,A1,120.0,options_prompt_shown,2026-08-08 06:26:24.846725
e00509,t0161,ORD,,,checkin_prompt_shown,2026-08-14 22:12:42.294849
e00510,t0161,ORD,,,flight_opted_in,2026-08-14 22:13:52.294849
e00511,t0161,ORD,B10,75.0,delay_detected,2026-08-15 12:31:31.306920
e00512,t0161,ORD,B10,75.0,options_prompt_shown,2026-08-15 12:32:20.306920
e00513,t0161,ORD,B10,75.0,options_prompt_engaged,2026-08-15 12:32:44.306920
e00514,t0161,ORD,B10,75.0,gate_entered,2026-08-15 12:33:04.306920
e00515,t0161,ORD,B10,75.0,venue_selected,2026-08-15 12:35:37.306920
e00516,t0161,ORD,B10,75.0,directions_viewed,2026-08-15 12:35:49.306920
e00517,t0162,LAX,,,checkin_prompt_shown,2026-08-21 06:17:02.796503
e00518,t0163,DIA,,,checkin_prompt_shown,2026-08-15 12:07:52.031593
e00519,t0163,DIA,,,flight_opted_in,2026-08-15 12:08:23.031593
e00520,t0163,DIA,B13,75.0,delay_detected,2026-08-15 19:11:35.612453
e00521,t0164,ORD,,,checkin_prompt_shown,2026-08-04 22:39:14.695498
e00522,t0164,ORD,,,flight_opted_in,2026-08-04 22:40:36.695498
e00523,t0164,ORD,C17,150.0,delay_detected,2026-08-05 00:27:22.299861
e00524,t0164,ORD,C17,150.0,options_prompt_shown,2026-08-05 00:28:20.299861
e00525,t0165,SEA,,,checkin_prompt_shown,2026-08-05 15:48:27.698673
e00526,t0165,SEA,,,flight_opted_in,2026-08-05 15:49:04.698673
e00527,t0165,SEA,C15,120.0,delay_detected,2026-08-05 22:07:53.523956
e00528,t0165,SEA,C15,120.0,options_prompt_shown,2026-08-05 22:08:42.523956
e00529,t0165,SEA,C15,120.0,options_prompt_engaged,2026-08-05 22:09:09.523956
e00530,t0165,SEA,C15,120.0,gate_entered,2026-08-05 22:10:38.523956
e00531,t0165,SEA,C15,120.0,venue_selected,2026-08-05 22:11:27.523956
e00532,t0166,ATL,,,checkin_prompt_shown,2026-08-09 08:28:10.136626
e00533,t0166,ATL,,,flight_opted_in,2026-08-09 08:28:56.136626
e00534,t0166,ATL,A6,60.0,delay_detected,2026-08-09 15:25:55.516817
e00535,t0167,DIA,,,checkin_prompt_shown,2026-08-04 17:41:25.328898
e00536,t0168,ATL,,,checkin_prompt_shown,2026-08-11 07:35:56.480361
e00537,t0168,ATL,,,flight_opted_in,2026-08-11 07:36:14.480361
e00538,t0168,ATL,C7,150.0,delay_detected,2026-08-12 05:33:58.607523
e00539,t0168,ATL,C7,150.0,options_prompt_shown,2026-08-12 05:34:32.607523
e00540,t0168,ATL,C7,150.0,options_prompt_engaged,2026-08-12 05:35:26.607523
e00541,t0169,LAX,,,checkin_prompt_shown,2026-08-12 16:38:33.159943
e00542,t0170,ATL,,,checkin_prompt_shown,2026-08-04 19:07:07.326980
e00543,t0170,ATL,,,flight_opted_in,2026-08-04 19:08:03.326980
e00544,t0171,LAX,,,checkin_prompt_shown,2026-08-14 12:49:40.389702
e00545,t0172,LAX,,,checkin_prompt_shown,2026-08-16 09:18:13.842749
e00546,t0173,SEA,,,checkin_prompt_shown,2026-08-16 15:27:31.160507
e00547,t0173,SEA,,,flight_opted_in,2026-08-16 15:27:51.160507
e00548,t0173,SEA,C21,90.0,delay_detected,2026-08-17 02:24:44.549146
e00549,t0173,SEA,C21,90.0,options_prompt_shown,2026-08-17 02:25:15.549146
e00550,t0173,SEA,C21,90.0,options_prompt_engaged,2026-08-17 02:26:09.549146
e00551,t0173,SEA,C21,90.0,gate_entered,2026-08-17 02:27:39.549146
e00552,t0173,SEA,C21,90.0,venue_selected,2026-08-17 02:29:37.549146
e00553,t0173,SEA,C21,90.0,directions_viewed,2026-08-17 02:29:39.549146
e00554,t0174,LAX,,,checkin_prompt_shown,2026-08-15 22:26:16.995784
e00555,t0175,ORD,,,checkin_prompt_shown,2026-08-09 04:28:04.317819
e00556,t0176,LAX,,,checkin_prompt_shown,2026-08-21 11:57:53.691016
e00557,t0177,DIA,,,checkin_prompt_shown,2026-08-06 05:01:45.676381
e00558,t0177,DIA,,,flight_opted_in,2026-08-06 05:02:15.676381
e00559,t0177,DIA,D18,120.0,delay_detected,2026-08-06 14:02:47.256504
e00560,t0177,DIA,D18,120.0,options_prompt_shown,2026-08-06 14:03:22.256504
e00561,t0178,ATL,,,checkin_prompt_shown,2026-08-10 14:31:13.866540
e00562,t0179,LAX,,,checkin_prompt_shown,2026-08-16 03:02:31.725477
e00563,t0179,LAX,,,flight_opted_in,2026-08-16 03:03:41.725477
e00564,t0179,LAX,C21,180.0,delay_detected,2026-08-17 01:30:48.624902
e00565,t0179,LAX,C21,180.0,options_prompt_shown,2026-08-17 01:31:10.624902
e00566,t0180,DIA,,,checkin_prompt_shown,2026-08-10 06:19:09.840523
e00567,t0181,ATL,,,checkin_prompt_shown,2026-08-04 04:55:27.141837
e00568,t0181,ATL,,,flight_opted_in,2026-08-04 04:56:23.141837
e00569,t0181,ATL,D15,120.0,delay_detected,2026-08-05 04:17:03.432811
e00570,t0181,ATL,D15,120.0,options_prompt_shown,2026-08-05 04:17:16.432811
e00571,t0182,DIA,,,checkin_prompt_shown,2026-08-15 15:25:47.056402
e00572,t0182,DIA,,,flight_opted_in,2026-08-15 15:27:14.056402
e00573,t0182,DIA,B12,120.0,delay_detected,2026-08-16 09:01:48.409160
e00574,t0182,DIA,B12,120.0,options_prompt_shown,2026-08-16 09:02:46.409160
e00575,t0183,LAX,,,checkin_prompt_shown,2026-08-08 01:14:03.916294
e00576,t0184,ORD,,,checkin_prompt_shown,2026-08-12 02:42:58.753960
e00577,t0184,ORD,,,flight_opted_in,2026-08-12 02:43:32.753960
e00578,t0184,ORD,C14,75.0,delay_detected,2026-08-12 19:55:20.540684
e00579,t0184,ORD,C14,75.0,options_prompt_shown,2026-08-12 19:55:55.540684
e00580,t0184,ORD,C14,75.0,options_prompt_engaged,2026-08-12 19:57:30.540684
e00581,t0185,ATL,,,checkin_prompt_shown,2026-08-07 23:52:45.168421
e00582,t0185,ATL,,,flight_opted_in,2026-08-07 23:53:52.168421
e00583,t0185,ATL,A22,90.0,delay_detected,2026-08-08 15:14:06.701970
e00584,t0185,ATL,A22,90.0,options_prompt_shown,2026-08-08 15:14:20.701970
e00585,t0186,LAX,,,checkin_prompt_shown,2026-08-19 00:22:10.232174
e00586,t0186,LAX,,,flight_opted_in,2026-08-19 00:22:56.232174
e00587,t0186,LAX,C21,180.0,delay_detected,2026-08-19 23:03:44.563217
e00588,t0186,LAX,C21,180.0,options_prompt_shown,2026-08-19 23:04:31.563217
e00589,t0186,LAX,C21,180.0,options_prompt_engaged,2026-08-19 23:04:43.563217
e00590,t0186,LAX,C21,180.0,gate_entered,2026-08-19 23:05:25.563217
e00591,t0186,LAX,C21,180.0,venue_selected,2026-08-19 23:08:03.563217
e00592,t0186,LAX,C21,180.0,directions_viewed,2026-08-19 23:08:12.563217
e00593,t0187,LAX,,,checkin_prompt_shown,2026-08-04 22:18:52.768183
e00594,t0187,LAX,,,flight_opted_in,2026-08-04 22:19:48.768183
e00595,t0187,LAX,A22,180.0,delay_detected,2026-08-05 11:37:27.166811
e00596,t0187,LAX,A22,180.0,options_prompt_shown,2026-08-05 11:38:07.166811
e00597,t0188,ATL,,,checkin_prompt_shown,2026-08-16 06:44:12.812108
e00598,t0188,ATL,,,flight_opted_in,2026-08-16 06:44:27.812108
e00599,t0188,ATL,A18,150.0,delay_detected,2026-08-17 03:02:40.132988
e00600,t0188,ATL,A18,150.0,options_prompt_shown,2026-08-17 03:03:11.132988
e00601,t0188,ATL,A18,150.0,options_prompt_engaged,2026-08-17 03:03:31.132988
e00602,t0188,ATL,A18,150.0,gate_entered,2026-08-17 03:04:52.132988
e00603,t0188,ATL,A18,150.0,venue_selected,2026-08-17 03:07:01.132988
e00604,t0189,LAX,,,checkin_prompt_shown,2026-08-05 01:55:03.355299
e00605,t0189,LAX,,,flight_opted_in,2026-08-05 01:55:08.355299
e00606,t0189,LAX,D23,60.0,delay_detected,2026-08-05 22:15:23.905344
e00607,t0189,LAX,D23,60.0,options_prompt_shown,2026-08-05 22:16:10.905344
e00608,t0189,LAX,D23,60.0,options_prompt_engaged,2026-08-05 22:17:12.905344
e00609,t0189,LAX,D23,60.0,gate_entered,2026-08-05 22:18:15.905344
e00610,t0190,DIA,,,checkin_prompt_shown,2026-08-09 04:19:56.839409
e00611,t0190,DIA,,,flight_opted_in,2026-08-09 04:20:04.839409
e00612,t0191,ATL,,,checkin_prompt_shown,2026-08-04 03:24:23.004029
e00613,t0191,ATL,,,flight_opted_in,2026-08-04 03:25:30.004029
e00614,t0191,ATL,A7,180.0,delay_detected,2026-08-05 01:04:08.117743
e00615,t0191,ATL,A7,180.0,options_prompt_shown,2026-08-05 01:04:53.117743
e00616,t0191,ATL,A7,180.0,options_prompt_engaged,2026-08-05 01:05:08.117743
e00617,t0192,ATL,,,checkin_prompt_shown,2026-08-18 06:11:29.305492
e00618,t0192,ATL,,,flight_opted_in,2026-08-18 06:12:00.305492
e00619,t0192,ATL,D9,75.0,delay_detected,2026-08-18 17:12:33.998808
e00620,t0192,ATL,D9,75.0,options_prompt_shown,2026-08-18 17:13:30.998808
e00621,t0192,ATL,D9,75.0,options_prompt_engaged,2026-08-18 17:14:18.998808
e00622,t0193,LAX,,,checkin_prompt_shown,2026-08-07 11:00:33.567205
e00623,t0194,ATL,,,checkin_prompt_shown,2026-08-16 06:23:59.615953
e00624,t0194,ATL,,,flight_opted_in,2026-08-16 06:24:19.615953
e00625,t0194,ATL,C5,75.0,delay_detected,2026-08-16 11:49:42.780957
e00626,t0194,ATL,C5,75.0,options_prompt_shown,2026-08-16 11:50:27.780957
e00627,t0194,ATL,C5,75.0,options_prompt_engaged,2026-08-16 11:50:35.780957
e00628,t0194,ATL,C5,75.0,gate_entered,2026-08-16 11:51:55.780957
e00629,t0195,SEA,,,checkin_prompt_shown,2026-08-10 09:46:37.406491
e00630,t0195,SEA,,,flight_opted_in,2026-08-10 09:46:42.406491
e00631,t0196,LAX,,,checkin_prompt_shown,2026-08-15 22:36:30.437429
e00632,t0196,LAX,,,flight_opted_in,2026-08-15 22:37:39.437429
e00633,t0196,LAX,B21,120.0,delay_detected,2026-08-16 13:41:51.517726
e00634,t0196,LAX,B21,120.0,options_prompt_shown,2026-08-16 13:42:40.517726
e00635,t0197,DIA,,,checkin_prompt_shown,2026-08-15 18:06:00.120274
e00636,t0197,DIA,,,flight_opted_in,2026-08-15 18:07:25.120274
e00637,t0197,DIA,B28,180.0,delay_detected,2026-08-15 23:07:24.398822
e00638,t0197,DIA,B28,180.0,options_prompt_shown,2026-08-15 23:08:18.398822
e00639,t0197,DIA,B28,180.0,options_prompt_engaged,2026-08-15 23:09:44.398822
e00640,t0197,DIA,B28,180.0,gate_entered,2026-08-15 23:10:11.398822
e00641,t0198,SEA,,,checkin_prompt_shown,2026-08-20 10:02:35.471515
e00642,t0198,SEA,,,flight_opted_in,2026-08-20 10:03:33.471515
e00643,t0199,LAX,,,checkin_prompt_shown,2026-08-14 05:35:31.142290
e00644,t0200,DIA,,,checkin_prompt_shown,2026-08-12 22:56:46.902559
e00645,t0200,DIA,,,flight_opted_in,2026-08-12 22:57:06.902559
e00646,t0200,DIA,D15,180.0,delay_detected,2026-08-13 18:35:22.377017
e00647,t0200,DIA,D15,180.0,options_prompt_shown,2026-08-13 18:36:10.377017
e00648,t0200,DIA,D15,180.0,options_prompt_engaged,2026-08-13 18:37:28.377017
e00649,t0201,ORD,,,checkin_prompt_shown,2026-08-10 14:24:38.742881
e00650,t0201,ORD,,,flight_opted_in,2026-08-10 14:24:53.742881
e00651,t0201,ORD,B21,150.0,delay_detected,2026-08-11 02:16:31.283537
e00652,t0201,ORD,B21,150.0,options_prompt_shown,2026-08-11 02:16:36.283537
e00653,t0201,ORD,B21,150.0,options_prompt_engaged,2026-08-11 02:18:04.283537
e00654,t0201,ORD,B21,150.0,gate_entered,2026-08-11 02:18:25.283537
e00655,t0201,ORD,B21,150.0,venue_selected,2026-08-11 02:19:06.283537
e00656,t0201,ORD,B21,150.0,directions_viewed,2026-08-11 02:19:08.283537
e00657,t0202,SEA,,,checkin_prompt_shown,2026-08-17 04:48:52.161145
e00658,t0203,DIA,,,checkin_prompt_shown,2026-08-17 14:46:51.486409
e00659,t0204,ORD,,,checkin_prompt_shown,2026-08-03 20:30:47.961390
e00660,t0204,ORD,,,flight_opted_in,2026-08-03 20:32:03.961390
e00661,t0204,ORD,C30,150.0,delay_detected,2026-08-04 08:59:26.374358
e00662,t0205,DIA,,,checkin_prompt_shown,2026-08-01 15:16:25.043660
e00663,t0206,SEA,,,checkin_prompt_shown,2026-08-08 00:54:44.401453
e00664,t0206,SEA,,,flight_opted_in,2026-08-08 00:56:05.401453
e00665,t0206,SEA,D20,60.0,delay_detected,2026-08-08 23:57:42.895293
e00666,t0206,SEA,D20,60.0,options_prompt_shown,2026-08-08 23:58:10.895293
e00667,t0207,LAX,,,checkin_prompt_shown,2026-08-05 08:16:30.896422
e00668,t0207,LAX,,,flight_opted_in,2026-08-05 08:16:49.896422
e00669,t0207,LAX,B21,75.0,delay_detected,2026-08-06 07:13:12.200690
e00670,t0207,LAX,B21,75.0,options_prompt_shown,2026-08-06 07:13:47.200690
e00671,t0208,LAX,,,checkin_prompt_shown,2026-08-18 23:40:41.255840
e00672,t0209,ATL,,,checkin_prompt_shown,2026-08-02 22:01:02.348451
e00673,t0209,ATL,,,flight_opted_in,2026-08-02 22:02:30.348451
e00674,t0209,ATL,C28,150.0,delay_detected,2026-08-03 17:29:10.582567
e00675,t0209,ATL,C28,150.0,options_prompt_shown,2026-08-03 17:29:15.582567
e00676,t0210,SEA,,,checkin_prompt_shown,2026-08-14 14:58:58.797124
e00677,t0210,SEA,,,flight_opted_in,2026-08-14 14:59:34.797124
e00678,t0210,SEA,D20,90.0,delay_detected,2026-08-15 00:54:07.935885
e00679,t0210,SEA,D20,90.0,options_prompt_shown,2026-08-15 00:54:26.935885
e00680,t0211,ATL,,,checkin_prompt_shown,2026-08-08 20:31:31.083313
e00681,t0211,ATL,,,flight_opted_in,2026-08-08 20:32:30.083313
e00682,t0211,ATL,A10,60.0,delay_detected,2026-08-09 11:02:04.125140
e00683,t0211,ATL,A10,60.0,options_prompt_shown,2026-08-09 11:03:00.125140
e00684,t0212,SEA,,,checkin_prompt_shown,2026-08-19 14:31:40.715194
e00685,t0213,SEA,,,checkin_prompt_shown,2026-08-21 11:25:52.792024
e00686,t0213,SEA,,,flight_opted_in,2026-08-21 11:27:05.792024
e00687,t0214,LAX,,,checkin_prompt_shown,2026-08-06 09:08:14.373210
e00688,t0215,ORD,,,checkin_prompt_shown,2026-08-02 20:25:38.241682
e00689,t0216,LAX,,,checkin_prompt_shown,2026-08-21 19:00:00.517907
e00690,t0216,LAX,,,flight_opted_in,2026-08-21 19:00:06.517907
e00691,t0216,LAX,A18,180.0,delay_detected,2026-08-22 04:51:22.371178
e00692,t0216,LAX,A18,180.0,options_prompt_shown,2026-08-22 04:52:16.371178
e00693,t0216,LAX,A18,180.0,options_prompt_engaged,2026-08-22 04:53:09.371178
e00694,t0216,LAX,A18,180.0,gate_entered,2026-08-22 04:53:52.371178
e00695,t0217,SEA,,,checkin_prompt_shown,2026-08-12 10:42:13.778021
e00696,t0217,SEA,,,flight_opted_in,2026-08-12 10:42:42.778021
e00697,t0217,SEA,B26,60.0,delay_detected,2026-08-12 16:08:06.380274
e00698,t0217,SEA,B26,60.0,options_prompt_shown,2026-08-12 16:08:34.380274
e00699,t0218,ATL,,,checkin_prompt_shown,2026-08-12 17:39:35.247647
e00700,t0219,ORD,,,checkin_prompt_shown,2026-08-11 21:04:12.961228
e00701,t0219,ORD,,,flight_opted_in,2026-08-11 21:04:30.961228
e00702,t0219,ORD,A5,75.0,delay_detected,2026-08-12 12:37:42.036961
e00703,t0219,ORD,A5,75.0,options_prompt_shown,2026-08-12 12:37:48.036961
e00704,t0219,ORD,A5,75.0,options_prompt_engaged,2026-08-12 12:38:57.036961
e00705,t0219,ORD,A5,75.0,gate_entered,2026-08-12 12:39:19.036961
e00706,t0219,ORD,A5,75.0,venue_selected,2026-08-12 12:41:53.036961
e00707,t0219,ORD,A5,75.0,directions_viewed,2026-08-12 12:42:13.036961
e00708,t0220,ATL,,,checkin_prompt_shown,2026-08-11 06:13:22.078620
e00709,t0221,SEA,,,checkin_prompt_shown,2026-08-07 17:07:23.652690
e00710,t0222,ATL,,,checkin_prompt_shown,2026-08-05 08:49:25.459296
e00711,t0222,ATL,,,flight_opted_in,2026-08-05 08:49:33.459296
e00712,t0223,ATL,,,checkin_prompt_shown,2026-08-11 22:53:45.621797
e00713,t0223,ATL,,,flight_opted_in,2026-08-11 22:53:58.621797
e00714,t0223,ATL,D30,180.0,delay_detected,2026-08-12 13:39:18.667305
e00715,t0223,ATL,D30,180.0,options_prompt_shown,2026-08-12 13:39:28.667305
e00716,t0223,ATL,D30,180.0,options_prompt_engaged,2026-08-12 13:40:43.667305
e00717,t0223,ATL,D30,180.0,gate_entered,2026-08-12 13:41:04.667305
e00718,t0224,SEA,,,checkin_prompt_shown,2026-08-11 06:26:05.419911
e00719,t0225,ATL,,,checkin_prompt_shown,2026-08-17 16:10:42.397364
e00720,t0225,ATL,,,flight_opted_in,2026-08-17 16:10:51.397364
e00721,t0225,ATL,A29,75.0,delay_detected,2026-08-18 14:49:40.058242
e00722,t0225,ATL,A29,75.0,options_prompt_shown,2026-08-18 14:49:46.058242
e00723,t0226,DIA,,,checkin_prompt_shown,2026-08-12 12:11:22.840496
e00724,t0227,LAX,,,checkin_prompt_shown,2026-08-04 11:20:18.339008
e00725,t0227,LAX,,,flight_opted_in,2026-08-04 11:20:23.339008
e00726,t0227,LAX,C19,60.0,delay_detected,2026-08-05 03:54:29.762434
e00727,t0227,LAX,C19,60.0,options_prompt_shown,2026-08-05 03:55:22.762434
e00728,t0228,LAX,,,checkin_prompt_shown,2026-08-07 02:46:26.550833
e00729,t0228,LAX,,,flight_opted_in,2026-08-07 02:47:18.550833
e00730,t0228,LAX,D8,90.0,delay_detected,2026-08-07 12:31:13.244941
e00731,t0228,LAX,D8,90.0,options_prompt_shown,2026-08-07 12:32:01.244941
e00732,t0229,LAX,,,checkin_prompt_shown,2026-08-06 04:12:48.388024
e00733,t0230,ORD,,,checkin_prompt_shown,2026-08-06 22:15:51.459253
e00734,t0230,ORD,,,flight_opted_in,2026-08-06 22:17:15.459253
e00735,t0230,ORD,B25,180.0,delay_detected,2026-08-07 07:52:07.761441
e00736,t0230,ORD,B25,180.0,options_prompt_shown,2026-08-07 07:52:18.761441
e00737,t0231,LAX,,,checkin_prompt_shown,2026-08-15 13:12:50.340528
e00738,t0231,LAX,,,flight_opted_in,2026-08-15 13:13:38.340528
e00739,t0231,LAX,D4,75.0,delay_detected,2026-08-16 09:09:27.777021
e00740,t0231,LAX,D4,75.0,options_prompt_shown,2026-08-16 09:09:41.777021
e00741,t0232,DIA,,,checkin_prompt_shown,2026-08-11 03:19:32.707302
e00742,t0232,DIA,,,flight_opted_in,2026-08-11 03:19:55.707302
e00743,t0232,DIA,C14,90.0,delay_detected,2026-08-12 00:21:31.583653
e00744,t0232,DIA,C14,90.0,options_prompt_shown,2026-08-12 00:21:45.583653
e00745,t0232,DIA,C14,90.0,options_prompt_engaged,2026-08-12 00:23:01.583653
e00746,t0233,ATL,,,checkin_prompt_shown,2026-08-07 16:17:58.078616
e00747,t0233,ATL,,,flight_opted_in,2026-08-07 16:18:43.078616
e00748,t0233,ATL,A5,90.0,delay_detected,2026-08-08 14:05:05.407844
e00749,t0234,DIA,,,checkin_prompt_shown,2026-08-18 18:08:38.465356
e00750,t0235,ORD,,,checkin_prompt_shown,2026-08-19 16:26:19.030916
e00751,t0235,ORD,,,flight_opted_in,2026-08-19 16:26:56.030916
e00752,t0235,ORD,C14,180.0,delay_detected,2026-08-19 22:05:10.318460
e00753,t0236,ORD,,,checkin_prompt_shown,2026-08-04 07:12:06.892315
e00754,t0236,ORD,,,flight_opted_in,2026-08-04 07:13:04.892315
e00755,t0236,ORD,C5,60.0,delay_detected,2026-08-04 09:32:24.432385
e00756,t0237,DIA,,,checkin_prompt_shown,2026-08-12 13:36:38.268003
e00757,t0237,DIA,,,flight_opted_in,2026-08-12 13:37:00.268003
e00758,t0237,DIA,C6,90.0,delay_detected,2026-08-12 14:39:39.494931
e00759,t0237,DIA,C6,90.0,options_prompt_shown,2026-08-12 14:39:46.494931
e00760,t0238,ORD,,,checkin_prompt_shown,2026-08-05 10:38:39.602190
e00761,t0238,ORD,,,flight_opted_in,2026-08-05 10:39:07.602190
e00762,t0238,ORD,B7,120.0,delay_detected,2026-08-06 05:22:20.509746
e00763,t0238,ORD,B7,120.0,options_prompt_shown,2026-08-06 05:23:18.509746
e00764,t0238,ORD,B7,120.0,options_prompt_engaged,2026-08-06 05:24:38.509746
e00765,t0238,ORD,B7,120.0,gate_entered,2026-08-06 05:25:23.509746
e00766,t0238,ORD,B7,120.0,venue_selected,2026-08-06 05:26:08.509746
e00767,t0238,ORD,B7,120.0,directions_viewed,2026-08-06 05:26:16.509746
e00768,t0239,ORD,,,checkin_prompt_shown,2026-08-16 02:14:27.140622
e00769,t0240,LAX,,,checkin_prompt_shown,2026-08-21 17:11:08.255674
e00770,t0240,LAX,,,flight_opted_in,2026-08-21 17:11:57.255674
e00771,t0240,LAX,D3,75.0,delay_detected,2026-08-22 00:40:46.798479
e00772,t0240,LAX,D3,75.0,options_prompt_shown,2026-08-22 00:41:39.798479
e00773,t0241,ATL,,,checkin_prompt_shown,2026-08-13 13:57:36.574464
e00774,t0242,ATL,,,checkin_prompt_shown,2026-08-16 07:52:48.358217
e00775,t0242,ATL,,,flight_opted_in,2026-08-16 07:54:09.358217
e00776,t0242,ATL,D17,180.0,delay_detected,2026-08-16 09:00:33.507711
e00777,t0242,ATL,D17,180.0,options_prompt_shown,2026-08-16 09:01:00.507711
e00778,t0243,ATL,,,checkin_prompt_shown,2026-08-20 14:41:56.344242
e00779,t0243,ATL,,,flight_opted_in,2026-08-20 14:42:08.344242
e00780,t0243,ATL,D15,75.0,delay_detected,2026-08-21 11:46:36.461301
e00781,t0243,ATL,D15,75.0,options_prompt_shown,2026-08-21 11:47:14.461301
e00782,t0244,ORD,,,checkin_prompt_shown,2026-08-03 05:29:47.426390
e00783,t0244,ORD,,,flight_opted_in,2026-08-03 05:30:15.426390
e00784,t0244,ORD,C18,60.0,delay_detected,2026-08-03 08:51:56.950375
e00785,t0244,ORD,C18,60.0,options_prompt_shown,2026-08-03 08:52:02.950375
e00786,t0244,ORD,C18,60.0,options_prompt_engaged,2026-08-03 08:53:34.950375
e00787,t0244,ORD,C18,60.0,gate_entered,2026-08-03 08:54:17.950375
e00788,t0244,ORD,C18,60.0,venue_selected,2026-08-03 08:57:00.950375
e00789,t0244,ORD,C18,60.0,directions_viewed,2026-08-03 08:57:16.950375
e00790,t0245,LAX,,,checkin_prompt_shown,2026-08-19 23:28:07.499153
e00791,t0245,LAX,,,flight_opted_in,2026-08-19 23:28:34.499153
e00792,t0246,LAX,,,checkin_prompt_shown,2026-08-12 11:50:46.340938
e00793,t0247,DIA,,,checkin_prompt_shown,2026-08-10 01:55:44.029791
e00794,t0248,SEA,,,checkin_prompt_shown,2026-08-20 06:12:12.564000
e00795,t0248,SEA,,,flight_opted_in,2026-08-20 06:13:42.564000
e00796,t0248,SEA,D6,120.0,delay_detected,2026-08-20 17:51:20.694826
e00797,t0249,DIA,,,checkin_prompt_shown,2026-08-10 13:30:06.995181
e00798,t0250,SEA,,,checkin_prompt_shown,2026-08-13 09:09:12.041704
e00799,t0250,SEA,,,flight_opted_in,2026-08-13 09:09:23.041704
e00800,t0250,SEA,D8,180.0,delay_detected,2026-08-13 18:30:40.531369
e00801,t0250,SEA,D8,180.0,options_prompt_shown,2026-08-13 18:31:30.531369
e00802,t0251,SEA,,,checkin_prompt_shown,2026-08-21 14:18:18.298064
e00803,t0251,SEA,,,flight_opted_in,2026-08-21 14:19:14.298064
e00804,t0251,SEA,C17,180.0,delay_detected,2026-08-22 04:13:31.781427
e00805,t0251,SEA,C17,180.0,options_prompt_shown,2026-08-22 04:14:19.781427
e00806,t0252,ORD,,,checkin_prompt_shown,2026-08-16 07:53:30.907874
e00807,t0252,ORD,,,flight_opted_in,2026-08-16 07:54:21.907874
e00808,t0253,DIA,,,checkin_prompt_shown,2026-08-05 21:47:03.861472
e00809,t0253,DIA,,,flight_opted_in,2026-08-05 21:47:10.861472
e00810,t0253,DIA,D25,60.0,delay_detected,2026-08-06 01:59:33.736157
e00811,t0254,LAX,,,checkin_prompt_shown,2026-08-19 05:11:49.474999
e00812,t0255,DIA,,,checkin_prompt_shown,2026-08-15 00:49:29.883785
e00813,t0255,DIA,,,flight_opted_in,2026-08-15 00:50:53.883785
e00814,t0255,DIA,A20,75.0,delay_detected,2026-08-15 16:17:52.929452
e00815,t0255,DIA,A20,75.0,options_prompt_shown,2026-08-15 16:18:04.929452
e00816,t0256,LAX,,,checkin_prompt_shown,2026-08-02 09:40:46.761886
e00817,t0256,LAX,,,flight_opted_in,2026-08-02 09:41:30.761886
e00818,t0256,LAX,A2,75.0,delay_detected,2026-08-03 01:35:05.425864
e00819,t0256,LAX,A2,75.0,options_prompt_shown,2026-08-03 01:35:42.425864
e00820,t0257,DIA,,,checkin_prompt_shown,2026-08-13 04:11:38.452972
e00821,t0258,LAX,,,checkin_prompt_shown,2026-08-04 05:58:26.692286
e00822,t0259,LAX,,,checkin_prompt_shown,2026-08-07 17:51:22.604212
e00823,t0259,LAX,,,flight_opted_in,2026-08-07 17:51:38.604212
e00824,t0259,LAX,D20,150.0,delay_detected,2026-08-08 07:25:33.453032
e00825,t0259,LAX,D20,150.0,options_prompt_shown,2026-08-08 07:25:52.453032
e00826,t0260,ORD,,,checkin_prompt_shown,2026-08-09 16:09:56.804409
e00827,t0260,ORD,,,flight_opted_in,2026-08-09 16:11:11.804409
e00828,t0260,ORD,D27,75.0,delay_detected,2026-08-10 07:16:51.618350
e00829,t0260,ORD,D27,75.0,options_prompt_shown,2026-08-10 07:17:11.618350
e00830,t0260,ORD,D27,75.0,options_prompt_engaged,2026-08-10 07:17:38.618350
e00831,t0260,ORD,D27,75.0,gate_entered,2026-08-10 07:18:37.618350
e00832,t0261,LAX,,,checkin_prompt_shown,2026-08-08 20:17:06.271914
e00833,t0261,LAX,,,flight_opted_in,2026-08-08 20:17:41.271914
e00834,t0261,LAX,D9,75.0,delay_detected,2026-08-09 10:05:52.156589
e00835,t0261,LAX,D9,75.0,options_prompt_shown,2026-08-09 10:06:10.156589
e00836,t0261,LAX,D9,75.0,options_prompt_engaged,2026-08-09 10:07:51.156589
e00837,t0261,LAX,D9,75.0,gate_entered,2026-08-09 10:09:11.156589
e00838,t0261,LAX,D9,75.0,venue_selected,2026-08-09 10:10:50.156589
e00839,t0261,LAX,D9,75.0,directions_viewed,2026-08-09 10:10:53.156589
e00840,t0262,LAX,,,checkin_prompt_shown,2026-08-17 22:29:55.390507
e00841,t0262,LAX,,,flight_opted_in,2026-08-17 22:30:28.390507
e00842,t0262,LAX,B14,150.0,delay_detected,2026-08-18 16:29:47.547665
e00843,t0262,LAX,B14,150.0,options_prompt_shown,2026-08-18 16:30:14.547665
e00844,t0262,LAX,B14,150.0,options_prompt_engaged,2026-08-18 16:30:42.547665
e00845,t0262,LAX,B14,150.0,gate_entered,2026-08-18 16:31:27.547665
e00846,t0263,SEA,,,checkin_prompt_shown,2026-08-19 16:16:52.470435
e00847,t0264,LAX,,,checkin_prompt_shown,2026-08-15 00:26:54.180927
e00848,t0265,ORD,,,checkin_prompt_shown,2026-08-03 21:54:46.120737
e00849,t0265,ORD,,,flight_opted_in,2026-08-03 21:56:01.120737
e00850,t0265,ORD,D19,120.0,delay_detected,2026-08-04 01:38:05.796494
e00851,t0265,ORD,D19,120.0,options_prompt_shown,2026-08-04 01:39:04.796494
e00852,t0266,SEA,,,checkin_prompt_shown,2026-08-10 00:34:33.634100
e00853,t0267,LAX,,,checkin_prompt_shown,2026-08-09 02:54:48.645351
e00854,t0267,LAX,,,flight_opted_in,2026-08-09 02:55:43.645351
e00855,t0267,LAX,D21,120.0,delay_detected,2026-08-09 16:42:06.762521
e00856,t0267,LAX,D21,120.0,options_prompt_shown,2026-08-09 16:43:01.762521
e00857,t0268,LAX,,,checkin_prompt_shown,2026-08-08 02:08:10.240073
e00858,t0268,LAX,,,flight_opted_in,2026-08-08 02:08:53.240073
e00859,t0268,LAX,D19,180.0,delay_detected,2026-08-08 06:28:58.463309
e00860,t0268,LAX,D19,180.0,options_prompt_shown,2026-08-08 06:29:55.463309
e00861,t0269,ATL,,,checkin_prompt_shown,2026-08-15 06:15:17.275042
e00862,t0270,ATL,,,checkin_prompt_shown,2026-08-10 14:54:12.343422
e00863,t0271,DIA,,,checkin_prompt_shown,2026-08-06 19:36:49.699733
e00864,t0271,DIA,,,flight_opted_in,2026-08-06 19:37:57.699733
e00865,t0271,DIA,C18,75.0,delay_detected,2026-08-07 17:47:59.519049
e00866,t0271,DIA,C18,75.0,options_prompt_shown,2026-08-07 17:48:31.519049
e00867,t0272,SEA,,,checkin_prompt_shown,2026-08-11 05:27:02.767150
e00868,t0272,SEA,,,flight_opted_in,2026-08-11 05:27:52.767150
e00869,t0273,ATL,,,checkin_prompt_shown,2026-08-01 23:52:24.816651
e00870,t0274,SEA,,,checkin_prompt_shown,2026-08-10 06:30:09.079019
e00871,t0274,SEA,,,flight_opted_in,2026-08-10 06:31:05.079019
e00872,t0274,SEA,B29,150.0,delay_detected,2026-08-10 20:25:43.921513
e00873,t0274,SEA,B29,150.0,options_prompt_shown,2026-08-10 20:26:14.921513
e00874,t0275,LAX,,,checkin_prompt_shown,2026-08-21 06:24:57.144243
e00875,t0276,ATL,,,checkin_prompt_shown,2026-08-17 22:35:52.350552
e00876,t0277,ORD,,,checkin_prompt_shown,2026-08-09 11:42:18.738932
e00877,t0278,ATL,,,checkin_prompt_shown,2026-08-04 04:18:08.087553
e00878,t0279,ATL,,,checkin_prompt_shown,2026-08-19 12:33:26.252653
e00879,t0280,SEA,,,checkin_prompt_shown,2026-08-11 04:18:55.605651
e00880,t0280,SEA,,,flight_opted_in,2026-08-11 04:20:07.605651
e00881,t0280,SEA,B17,75.0,delay_detected,2026-08-12 00:06:25.877976
e00882,t0280,SEA,B17,75.0,options_prompt_shown,2026-08-12 00:06:56.877976
e00883,t0280,SEA,B17,75.0,options_prompt_engaged,2026-08-12 00:08:19.877976
e00884,t0280,SEA,B17,75.0,gate_entered,2026-08-12 00:08:42.877976
e00885,t0280,SEA,B17,75.0,venue_selected,2026-08-12 00:11:33.877976
e00886,t0280,SEA,B17,75.0,directions_viewed,2026-08-12 00:11:36.877976
e00887,t0281,DIA,,,checkin_prompt_shown,2026-08-08 15:54:11.721813
e00888,t0282,SEA,,,checkin_prompt_shown,2026-08-07 19:05:38.089603
e00889,t0282,SEA,,,flight_opted_in,2026-08-07 19:05:55.089603
e00890,t0282,SEA,A7,120.0,delay_detected,2026-08-07 20:27:13.609789
e00891,t0282,SEA,A7,120.0,options_prompt_shown,2026-08-07 20:28:07.609789
e00892,t0283,ATL,,,checkin_prompt_shown,2026-08-21 06:54:26.346060
e00893,t0283,ATL,,,flight_opted_in,2026-08-21 06:54:49.346060
e00894,t0283,ATL,A5,120.0,delay_detected,2026-08-21 12:28:49.053188
e00895,t0283,ATL,A5,120.0,options_prompt_shown,2026-08-21 12:29:42.053188
e00896,t0284,DIA,,,checkin_prompt_shown,2026-08-05 01:24:08.952533
e00897,t0285,LAX,,,checkin_prompt_shown,2026-08-15 04:45:19.367996
e00898,t0285,LAX,,,flight_opted_in,2026-08-15 04:45:31.367996
e00899,t0285,LAX,C5,150.0,delay_detected,2026-08-15 06:02:45.643798
e00900,t0285,LAX,C5,150.0,options_prompt_shown,2026-08-15 06:03:12.643798
e00901,t0285,LAX,C5,150.0,options_prompt_engaged,2026-08-15 06:03:19.643798
e00902,t0285,LAX,C5,150.0,gate_entered,2026-08-15 06:03:41.643798
e00903,t0286,SEA,,,checkin_prompt_shown,2026-08-05 11:30:45.147596
e00904,t0286,SEA,,,flight_opted_in,2026-08-05 11:31:39.147596
e00905,t0287,LAX,,,checkin_prompt_shown,2026-08-02 19:59:02.007056
e00906,t0287,LAX,,,flight_opted_in,2026-08-02 20:00:26.007056
e00907,t0287,LAX,A6,60.0,delay_detected,2026-08-03 02:44:30.484233
e00908,t0288,ORD,,,checkin_prompt_shown,2026-08-20 19:33:18.158173
e00909,t0289,LAX,,,checkin_prompt_shown,2026-08-14 11:17:17.653811
e00910,t0289,LAX,,,flight_opted_in,2026-08-14 11:18:25.653811
e00911,t0290,LAX,,,checkin_prompt_shown,2026-08-14 11:11:52.227807
e00912,t0290,LAX,,,flight_opted_in,2026-08-14 11:12:36.227807
e00913,t0290,LAX,D1,90.0,delay_detected,2026-08-15 08:20:31.711485
e00914,t0290,LAX,D1,90.0,options_prompt_shown,2026-08-15 08:20:51.711485
e00915,t0290,LAX,D1,90.0,options_prompt_engaged,2026-08-15 08:21:15.711485
e00916,t0290,LAX,D1,90.0,gate_entered,2026-08-15 08:21:48.711485
e00917,t0290,LAX,D1,90.0,venue_selected,2026-08-15 08:23:12.711485
e00918,t0290,LAX,D1,90.0,directions_viewed,2026-08-15 08:23:25.711485
e00919,t0290,LAX,D1,90.0,survey_response:2,2026-08-15 09:02:25.711485
e00920,t0291,LAX,,,checkin_prompt_shown,2026-08-15 13:03:40.061562
e00921,t0291,LAX,,,flight_opted_in,2026-08-15 13:04:00.061562
e00922,t0291,LAX,C18,90.0,delay_detected,2026-08-16 09:03:38.394195
e00923,t0291,LAX,C18,90.0,options_prompt_shown,2026-08-16 09:03:55.394195
e00924,t0292,ATL,,,checkin_prompt_shown,2026-08-02 06:41:31.894120
e00925,t0292,ATL,,,flight_opted_in,2026-08-02 06:41:39.894120
e00926,t0292,ATL,B23,75.0,delay_detected,2026-08-03 02:12:23.214896
e00927,t0292,ATL,B23,75.0,options_prompt_shown,2026-08-03 02:12:40.214896
e00928,t0292,ATL,B23,75.0,options_prompt_engaged,2026-08-03 02:14:29.214896
e00929,t0292,ATL,B23,75.0,gate_entered,2026-08-03 02:15:50.214896
e00930,t0292,ATL,B23,75.0,venue_selected,2026-08-03 02:17:01.214896
e00931,t0292,ATL,B23,75.0,directions_viewed,2026-08-03 02:17:14.214896
e00932,t0293,LAX,,,checkin_prompt_shown,2026-08-14 02:02:43.607645
e00933,t0293,LAX,,,flight_opted_in,2026-08-14 02:03:48.607645
e00934,t0293,LAX,D22,120.0,delay_detected,2026-08-14 07:45:56.694254
e00935,t0293,LAX,D22,120.0,options_prompt_shown,2026-08-14 07:46:46.694254
e00936,t0294,SEA,,,checkin_prompt_shown,2026-08-14 17:35:26.939461
e00937,t0295,SEA,,,checkin_prompt_shown,2026-08-14 12:54:36.055286
e00938,t0295,SEA,,,flight_opted_in,2026-08-14 12:54:57.055286
e00939,t0295,SEA,A18,180.0,delay_detected,2026-08-15 07:10:53.570927
e00940,t0295,SEA,A18,180.0,options_prompt_shown,2026-08-15 07:11:45.570927
e00941,t0296,LAX,,,checkin_prompt_shown,2026-08-16 15:41:21.132168
e00942,t0296,LAX,,,flight_opted_in,2026-08-16 15:42:05.132168
e00943,t0297,DIA,,,checkin_prompt_shown,2026-08-18 13:40:18.915123
e00944,t0298,ATL,,,checkin_prompt_shown,2026-08-20 12:31:10.366571
e00945,t0298,ATL,,,flight_opted_in,2026-08-20 12:32:26.366571
e00946,t0298,ATL,C7,75.0,delay_detected,2026-08-21 08:03:35.299115
e00947,t0298,ATL,C7,75.0,options_prompt_shown,2026-08-21 08:03:59.299115
e00948,t0298,ATL,C7,75.0,options_prompt_engaged,2026-08-21 08:04:38.299115
e00949,t0298,ATL,C7,75.0,gate_entered,2026-08-21 08:05:39.299115
e00950,t0298,ATL,C7,75.0,venue_selected,2026-08-21 08:07:32.299115
e00951,t0298,ATL,C7,75.0,directions_viewed,2026-08-21 08:07:48.299115
e00952,t0299,ORD,,,checkin_prompt_shown,2026-08-06 00:28:54.345495
e00953,t0299,ORD,,,flight_opted_in,2026-08-06 00:30:23.345495
e00954,t0299,ORD,D1,150.0,delay_detected,2026-08-06 09:35:21.671608
e00955,t0299,ORD,D1,150.0,options_prompt_shown,2026-08-06 09:36:10.671608
e00956,t0300,LAX,,,checkin_prompt_shown,2026-08-15 01:27:02.608291
e00957,t0300,LAX,,,flight_opted_in,2026-08-15 01:27:44.608291
e00958,t0301,SEA,,,checkin_prompt_shown,2026-08-17 05:37:02.212885
e00959,t0302,LAX,,,checkin_prompt_shown,2026-08-04 18:57:35.873500
e00960,t0302,LAX,,,flight_opted_in,2026-08-04 18:58:18.873500
e00961,t0302,LAX,A18,60.0,delay_detected,2026-08-05 04:43:44.310819
e00962,t0302,LAX,A18,60.0,options_prompt_shown,2026-08-05 04:44:29.310819
e00963,t0303,SEA,,,checkin_prompt_shown,2026-08-14 07:08:49.808310
e00964,t0303,SEA,,,flight_opted_in,2026-08-14 07:10:00.808310
e00965,t0303,SEA,C30,75.0,delay_detected,2026-08-15 05:27:28.178315
e00966,t0303,SEA,C30,75.0,options_prompt_shown,2026-08-15 05:28:26.178315
e00967,t0304,ATL,,,checkin_prompt_shown,2026-08-20 21:37:32.515511
e00968,t0305,SEA,,,checkin_prompt_shown,2026-08-07 05:42:14.774882
e00969,t0306,DIA,,,checkin_prompt_shown,2026-08-06 13:59:40.207863
e00970,t0307,ATL,,,checkin_prompt_shown,2026-08-03 21:59:18.955065
e00971,t0307,ATL,,,flight_opted_in,2026-08-03 22:00:13.955065
e00972,t0307,ATL,B9,150.0,delay_detected,2026-08-04 13:09:23.465531
e00973,t0307,ATL,B9,150.0,options_prompt_shown,2026-08-04 13:09:50.465531
e00974,t0308,LAX,,,checkin_prompt_shown,2026-08-09 00:37:16.936953
e00975,t0309,LAX,,,checkin_prompt_shown,2026-08-16 06:12:28.078214
e00976,t0310,LAX,,,checkin_prompt_shown,2026-08-20 01:09:17.657118
e00977,t0311,ORD,,,checkin_prompt_shown,2026-08-05 19:44:53.669619
e00978,t0311,ORD,,,flight_opted_in,2026-08-05 19:46:09.669619
e00979,t0311,ORD,B25,75.0,delay_detected,2026-08-06 00:47:00.816839
e00980,t0311,ORD,B25,75.0,options_prompt_shown,2026-08-06 00:47:39.816839
e00981,t0311,ORD,B25,75.0,options_prompt_engaged,2026-08-06 00:47:49.816839
e00982,t0311,ORD,B25,75.0,gate_entered,2026-08-06 00:48:43.816839
e00983,t0311,ORD,B25,75.0,venue_selected,2026-08-06 00:49:44.816839
e00984,t0311,ORD,B25,75.0,directions_viewed,2026-08-06 00:49:50.816839
e00985,t0312,LAX,,,checkin_prompt_shown,2026-08-07 01:05:16.891075
e00986,t0313,DIA,,,checkin_prompt_shown,2026-08-11 07:22:08.965275
e00987,t0313,DIA,,,flight_opted_in,2026-08-11 07:23:35.965275
e00988,t0313,DIA,B29,75.0,delay_detected,2026-08-12 00:26:54.496804
e00989,t0313,DIA,B29,75.0,options_prompt_shown,2026-08-12 00:27:36.496804
e00990,t0314,ATL,,,checkin_prompt_shown,2026-08-04 11:06:20.304718
e00991,t0314,ATL,,,flight_opted_in,2026-08-04 11:06:46.304718
e00992,t0314,ATL,D27,150.0,delay_detected,2026-08-05 03:26:35.187307
e00993,t0314,ATL,D27,150.0,options_prompt_shown,2026-08-05 03:27:33.187307
e00994,t0314,ATL,D27,150.0,options_prompt_engaged,2026-08-05 03:29:04.187307
e00995,t0314,ATL,D27,150.0,gate_entered,2026-08-05 03:30:00.187307
e00996,t0314,ATL,D27,150.0,venue_selected,2026-08-05 03:30:21.187307
e00997,t0314,ATL,D27,150.0,directions_viewed,2026-08-05 03:30:31.187307
e00998,t0315,DIA,,,checkin_prompt_shown,2026-08-11 13:50:20.300158
e00999,t0316,ORD,,,checkin_prompt_shown,2026-08-11 14:47:14.267378
e01000,t0316,ORD,,,flight_opted_in,2026-08-11 14:47:56.267378
e01001,t0316,ORD,A1,60.0,delay_detected,2026-08-12 04:37:19.888443
e01002,t0316,ORD,A1,60.0,options_prompt_shown,2026-08-12 04:38:12.888443
e01003,t0317,ATL,,,checkin_prompt_shown,2026-08-14 07:31:30.724372
e01004,t0317,ATL,,,flight_opted_in,2026-08-14 07:32:57.724372
e01005,t0317,ATL,D7,90.0,delay_detected,2026-08-15 06:33:15.209290
e01006,t0317,ATL,D7,90.0,options_prompt_shown,2026-08-15 06:33:40.209290
e01007,t0317,ATL,D7,90.0,options_prompt_engaged,2026-08-15 06:35:40.209290
e01008,t0317,ATL,D7,90.0,gate_entered,2026-08-15 06:36:26.209290
e01009,t0317,ATL,D7,90.0,venue_selected,2026-08-15 06:39:23.209290
e01010,t0317,ATL,D7,90.0,directions_viewed,2026-08-15 06:39:32.209290
e01011,t0317,ATL,D7,90.0,survey_response:5,2026-08-15 06:45:32.209290
e01012,t0318,DIA,,,checkin_prompt_shown,2026-08-19 23:35:11.490552
e01013,t0318,DIA,,,flight_opted_in,2026-08-19 23:36:03.490552
e01014,t0318,DIA,B4,60.0,delay_detected,2026-08-20 22:43:38.955651
e01015,t0318,DIA,B4,60.0,options_prompt_shown,2026-08-20 22:44:36.955651
e01016,t0318,DIA,B4,60.0,options_prompt_engaged,2026-08-20 22:45:57.955651
e01017,t0318,DIA,B4,60.0,gate_entered,2026-08-20 22:46:30.955651
e01018,t0318,DIA,B4,60.0,venue_selected,2026-08-20 22:48:11.955651
e01019,t0318,DIA,B4,60.0,directions_viewed,2026-08-20 22:48:24.955651
e01020,t0319,ATL,,,checkin_prompt_shown,2026-08-07 13:06:27.707840
e01021,t0319,ATL,,,flight_opted_in,2026-08-07 13:06:37.707840
e01022,t0320,LAX,,,checkin_prompt_shown,2026-08-06 19:43:28.915433
e01023,t0320,LAX,,,flight_opted_in,2026-08-06 19:44:36.915433
e01024,t0320,LAX,C20,150.0,delay_detected,2026-08-07 00:21:56.463747
e01025,t0320,LAX,C20,150.0,options_prompt_shown,2026-08-07 00:22:06.463747
e01026,t0320,LAX,C20,150.0,options_prompt_engaged,2026-08-07 00:22:38.463747
e01027,t0320,LAX,C20,150.0,gate_entered,2026-08-07 00:23:44.463747
e01028,t0320,LAX,C20,150.0,venue_selected,2026-08-07 00:25:36.463747
e01029,t0320,LAX,C20,150.0,directions_viewed,2026-08-07 00:25:39.463747
e01030,t0321,LAX,,,checkin_prompt_shown,2026-08-16 22:34:46.349985
e01031,t0321,LAX,,,flight_opted_in,2026-08-16 22:34:55.349985
e01032,t0321,LAX,D5,180.0,delay_detected,2026-08-17 13:37:44.652002
e01033,t0321,LAX,D5,180.0,options_prompt_shown,2026-08-17 13:38:31.652002
e01034,t0321,LAX,D5,180.0,options_prompt_engaged,2026-08-17 13:40:04.652002
e01035,t0321,LAX,D5,180.0,gate_entered,2026-08-17 13:40:57.652002
e01036,t0321,LAX,D5,180.0,venue_selected,2026-08-17 13:41:09.652002
e01037,t0321,LAX,D5,180.0,directions_viewed,2026-08-17 13:41:16.652002
e01038,t0322,ORD,,,checkin_prompt_shown,2026-08-01 19:05:30.283332
e01039,t0322,ORD,,,flight_opted_in,2026-08-01 19:06:47.283332
e01040,t0322,ORD,B16,150.0,delay_detected,2026-08-02 04:07:10.169657
e01041,t0322,ORD,B16,150.0,options_prompt_shown,2026-08-02 04:07:35.169657
e01042,t0323,LAX,,,checkin_prompt_shown,2026-08-21 16:18:39.959079
e01043,t0323,LAX,,,flight_opted_in,2026-08-21 16:19:03.959079
e01044,t0323,LAX,A26,90.0,delay_detected,2026-08-22 15:26:22.483865
e01045,t0323,LAX,A26,90.0,options_prompt_shown,2026-08-22 15:27:13.483865
e01046,t0324,SEA,,,checkin_prompt_shown,2026-08-14 00:48:08.880277
e01047,t0324,SEA,,,flight_opted_in,2026-08-14 00:49:00.880277
e01048,t0324,SEA,B10,90.0,delay_detected,2026-08-14 16:54:58.872512
e01049,t0324,SEA,B10,90.0,options_prompt_shown,2026-08-14 16:55:36.872512
e01050,t0325,DIA,,,checkin_prompt_shown,2026-08-06 21:21:16.719382
e01051,t0326,LAX,,,checkin_prompt_shown,2026-08-05 03:35:33.440049
e01052,t0327,ATL,,,checkin_prompt_shown,2026-08-10 18:19:01.392962
e01053,t0327,ATL,,,flight_opted_in,2026-08-10 18:19:36.392962
e01054,t0327,ATL,C4,120.0,delay_detected,2026-08-11 05:28:41.653630
e01055,t0327,ATL,C4,120.0,options_prompt_shown,2026-08-11 05:28:58.653630
e01056,t0328,DIA,,,checkin_prompt_shown,2026-08-19 09:18:36.795999
e01057,t0328,DIA,,,flight_opted_in,2026-08-19 09:18:53.795999
e01058,t0328,DIA,C23,60.0,delay_detected,2026-08-19 22:31:22.045019
e01059,t0328,DIA,C23,60.0,options_prompt_shown,2026-08-19 22:32:02.045019
e01060,t0329,SEA,,,checkin_prompt_shown,2026-08-04 06:44:41.888886
e01061,t0330,SEA,,,checkin_prompt_shown,2026-08-20 00:36:16.862864
e01062,t0330,SEA,,,flight_opted_in,2026-08-20 00:36:30.862864
e01063,t0330,SEA,A21,180.0,delay_detected,2026-08-20 11:43:03.729803
e01064,t0331,SEA,,,checkin_prompt_shown,2026-08-19 03:27:00.853196
e01065,t0332,SEA,,,checkin_prompt_shown,2026-08-05 14:06:36.448067
e01066,t0332,SEA,,,flight_opted_in,2026-08-05 14:06:52.448067
e01067,t0332,SEA,A13,60.0,delay_detected,2026-08-05 23:42:07.005144
e01068,t0332,SEA,A13,60.0,options_prompt_shown,2026-08-05 23:42:35.005144
e01069,t0332,SEA,A13,60.0,options_prompt_engaged,2026-08-05 23:44:07.005144
e01070,t0332,SEA,A13,60.0,gate_entered,2026-08-05 23:44:44.005144
e01071,t0332,SEA,A13,60.0,venue_selected,2026-08-05 23:45:24.005144
e01072,t0332,SEA,A13,60.0,directions_viewed,2026-08-05 23:45:39.005144
e01073,t0333,DIA,,,checkin_prompt_shown,2026-08-20 12:54:29.115608
e01074,t0333,DIA,,,flight_opted_in,2026-08-20 12:54:48.115608
e01075,t0333,DIA,B12,150.0,delay_detected,2026-08-21 09:56:28.242582
e01076,t0333,DIA,B12,150.0,options_prompt_shown,2026-08-21 09:56:54.242582
e01077,t0334,DIA,,,checkin_prompt_shown,2026-08-04 17:48:54.472868
e01078,t0334,DIA,,,flight_opted_in,2026-08-04 17:50:04.472868
e01079,t0334,DIA,C24,150.0,delay_detected,2026-08-05 06:54:10.360861
e01080,t0334,DIA,C24,150.0,options_prompt_shown,2026-08-05 06:55:07.360861
e01081,t0335,DIA,,,checkin_prompt_shown,2026-08-08 15:32:15.958524
e01082,t0336,DIA,,,checkin_prompt_shown,2026-08-20 18:49:10.253915
e01083,t0337,ATL,,,checkin_prompt_shown,2026-08-16 11:30:16.201954
e01084,t0337,ATL,,,flight_opted_in,2026-08-16 11:31:35.201954
e01085,t0337,ATL,A16,90.0,delay_detected,2026-08-16 15:08:19.309014
e01086,t0337,ATL,A16,90.0,options_prompt_shown,2026-08-16 15:09:15.309014
e01087,t0337,ATL,A16,90.0,options_prompt_engaged,2026-08-16 15:09:37.309014
e01088,t0337,ATL,A16,90.0,gate_entered,2026-08-16 15:10:24.309014
e01089,t0338,LAX,,,checkin_prompt_shown,2026-08-14 17:04:08.261926
e01090,t0339,SEA,,,checkin_prompt_shown,2026-08-18 12:56:03.973561
e01091,t0340,LAX,,,checkin_prompt_shown,2026-08-08 15:19:52.380110
e01092,t0341,LAX,,,checkin_prompt_shown,2026-08-20 11:02:33.348424
e01093,t0341,LAX,,,flight_opted_in,2026-08-20 11:02:42.348424
e01094,t0342,SEA,,,checkin_prompt_shown,2026-08-11 20:25:17.582816
e01095,t0343,LAX,,,checkin_prompt_shown,2026-08-20 07:26:31.149835
e01096,t0344,SEA,,,checkin_prompt_shown,2026-08-08 09:49:16.339806
e01097,t0344,SEA,,,flight_opted_in,2026-08-08 09:50:00.339806
e01098,t0344,SEA,A7,60.0,delay_detected,2026-08-09 00:23:08.030905
e01099,t0344,SEA,A7,60.0,options_prompt_shown,2026-08-09 00:23:36.030905
e01100,t0345,ATL,,,checkin_prompt_shown,2026-08-10 03:50:56.467596
e01101,t0346,ATL,,,checkin_prompt_shown,2026-08-13 16:08:37.370011
e01102,t0346,ATL,,,flight_opted_in,2026-08-13 16:09:11.370011
e01103,t0347,SEA,,,checkin_prompt_shown,2026-08-04 11:05:20.960832
e01104,t0348,ORD,,,checkin_prompt_shown,2026-08-07 09:32:38.417949
e01105,t0348,ORD,,,flight_opted_in,2026-08-07 09:33:16.417949
e01106,t0348,ORD,B23,75.0,delay_detected,2026-08-07 23:38:26.375074
e01107,t0348,ORD,B23,75.0,options_prompt_shown,2026-08-07 23:39:06.375074
e01108,t0349,DIA,,,checkin_prompt_shown,2026-08-18 16:56:13.865447
e01109,t0349,DIA,,,flight_opted_in,2026-08-18 16:57:31.865447
e01110,t0349,DIA,C26,150.0,delay_detected,2026-08-18 20:14:08.450569
e01111,t0349,DIA,C26,150.0,options_prompt_shown,2026-08-18 20:15:08.450569
e01112,t0350,ORD,,,checkin_prompt_shown,2026-08-08 11:21:07.240595
e01113,t0351,ATL,,,checkin_prompt_shown,2026-08-12 21:44:55.573516
e01114,t0352,ORD,,,checkin_prompt_shown,2026-08-13 09:24:37.134909
e01115,t0353,ATL,,,checkin_prompt_shown,2026-08-08 13:27:02.795701
e01116,t0354,LAX,,,checkin_prompt_shown,2026-08-20 21:05:22.554753
e01117,t0354,LAX,,,flight_opted_in,2026-08-20 21:05:57.554753
e01118,t0354,LAX,B1,75.0,delay_detected,2026-08-21 01:34:04.611387
e01119,t0354,LAX,B1,75.0,options_prompt_shown,2026-08-21 01:34:51.611387
e01120,t0355,LAX,,,checkin_prompt_shown,2026-08-18 04:30:20.809802
e01121,t0355,LAX,,,flight_opted_in,2026-08-18 04:30:46.809802
e01122,t0355,LAX,C24,120.0,delay_detected,2026-08-18 07:02:18.542834
e01123,t0355,LAX,C24,120.0,options_prompt_shown,2026-08-18 07:03:09.542834
e01124,t0356,ATL,,,checkin_prompt_shown,2026-08-05 10:45:50.446293
e01125,t0356,ATL,,,flight_opted_in,2026-08-05 10:46:05.446293
e01126,t0356,ATL,C15,120.0,delay_detected,2026-08-05 15:52:45.400591
e01127,t0356,ATL,C15,120.0,options_prompt_shown,2026-08-05 15:53:39.400591
e01128,t0357,DIA,,,checkin_prompt_shown,2026-08-08 23:07:33.925564
e01129,t0358,ATL,,,checkin_prompt_shown,2026-08-13 20:32:44.000939
e01130,t0358,ATL,,,flight_opted_in,2026-08-13 20:33:10.000939
e01131,t0358,ATL,A7,150.0,delay_detected,2026-08-14 03:43:04.626841
e01132,t0358,ATL,A7,150.0,options_prompt_shown,2026-08-14 03:43:37.626841
e01133,t0358,ATL,A7,150.0,options_prompt_engaged,2026-08-14 03:44:57.626841
e01134,t0358,ATL,A7,150.0,gate_entered,2026-08-14 03:46:11.626841
e01135,t0358,ATL,A7,150.0,venue_selected,2026-08-14 03:47:11.626841
e01136,t0358,ATL,A7,150.0,directions_viewed,2026-08-14 03:47:14.626841
e01137,t0359,SEA,,,checkin_prompt_shown,2026-08-02 22:09:59.133018
e01138,t0360,SEA,,,checkin_prompt_shown,2026-08-04 13:11:16.254020
e01139,t0360,SEA,,,flight_opted_in,2026-08-04 13:11:55.254020
e01140,t0360,SEA,A21,120.0,delay_detected,2026-08-05 04:58:33.058844
e01141,t0360,SEA,A21,120.0,options_prompt_shown,2026-08-05 04:58:39.058844
e01142,t0360,SEA,A21,120.0,options_prompt_engaged,2026-08-05 04:59:23.058844
e01143,t0361,DIA,,,checkin_prompt_shown,2026-08-10 14:34:27.821887
e01144,t0361,DIA,,,flight_opted_in,2026-08-10 14:35:15.821887
e01145,t0361,DIA,D26,60.0,delay_detected,2026-08-10 16:54:32.521114
e01146,t0361,DIA,D26,60.0,options_prompt_shown,2026-08-10 16:55:17.521114
e01147,t0362,LAX,,,checkin_prompt_shown,2026-08-10 19:42:28.074487
e01148,t0362,LAX,,,flight_opted_in,2026-08-10 19:43:32.074487
e01149,t0362,LAX,C19,180.0,delay_detected,2026-08-10 21:02:18.160610
e01150,t0362,LAX,C19,180.0,options_prompt_shown,2026-08-10 21:02:43.160610
e01151,t0362,LAX,C19,180.0,options_prompt_engaged,2026-08-10 21:04:04.160610
e01152,t0362,LAX,C19,180.0,gate_entered,2026-08-10 21:04:56.160610
e01153,t0362,LAX,C19,180.0,venue_selected,2026-08-10 21:05:10.160610
e01154,t0362,LAX,C19,180.0,directions_viewed,2026-08-10 21:05:16.160610
e01155,t0363,DIA,,,checkin_prompt_shown,2026-08-09 09:35:17.786717
e01156,t0363,DIA,,,flight_opted_in,2026-08-09 09:36:30.786717
e01157,t0363,DIA,B22,150.0,delay_detected,2026-08-10 00:08:37.677356
e01158,t0364,SEA,,,checkin_prompt_shown,2026-08-17 10:56:24.521346
e01159,t0364,SEA,,,flight_opted_in,2026-08-17 10:57:30.521346
e01160,t0364,SEA,C21,180.0,delay_detected,2026-08-17 12:41:09.759277
e01161,t0364,SEA,C21,180.0,options_prompt_shown,2026-08-17 12:41:59.759277
e01162,t0365,ATL,,,checkin_prompt_shown,2026-08-12 23:40:21.062616
e01163,t0366,ORD,,,checkin_prompt_shown,2026-08-13 11:04:11.894837
e01164,t0366,ORD,,,flight_opted_in,2026-08-13 11:05:39.894837
e01165,t0366,ORD,C5,180.0,delay_detected,2026-08-14 05:54:00.664658
e01166,t0367,ORD,,,checkin_prompt_shown,2026-08-03 15:37:12.933055
e01167,t0368,SEA,,,checkin_prompt_shown,2026-08-02 17:13:09.962561
e01168,t0368,SEA,,,flight_opted_in,2026-08-02 17:13:40.962561
e01169,t0368,SEA,C20,120.0,delay_detected,2026-08-03 12:06:27.287375
e01170,t0368,SEA,C20,120.0,options_prompt_shown,2026-08-03 12:06:41.287375
e01171,t0369,ORD,,,checkin_prompt_shown,2026-08-09 07:41:02.227983
e01172,t0370,ORD,,,checkin_prompt_shown,2026-08-20 02:35:50.528443
e01173,t0370,ORD,,,flight_opted_in,2026-08-20 02:37:16.528443
e01174,t0370,ORD,D15,75.0,delay_detected,2026-08-21 00:20:41.795380
e01175,t0370,ORD,D15,75.0,options_prompt_shown,2026-08-21 00:21:36.795380
e01176,t0371,DIA,,,checkin_prompt_shown,2026-08-02 06:50:26.432819
e01177,t0371,DIA,,,flight_opted_in,2026-08-02 06:51:53.432819
e01178,t0371,DIA,C2,90.0,delay_detected,2026-08-02 23:22:18.203713
e01179,t0371,DIA,C2,90.0,options_prompt_shown,2026-08-02 23:22:47.203713
e01180,t0371,DIA,C2,90.0,options_prompt_engaged,2026-08-02 23:24:47.203713
e01181,t0371,DIA,C2,90.0,gate_entered,2026-08-02 23:26:17.203713
e01182,t0372,DIA,,,checkin_prompt_shown,2026-08-07 04:02:46.645659
e01183,t0373,ORD,,,checkin_prompt_shown,2026-08-05 21:33:11.289581
e01184,t0373,ORD,,,flight_opted_in,2026-08-05 21:34:10.289581
e01185,t0373,ORD,D7,150.0,delay_detected,2026-08-06 04:58:45.144020
e01186,t0374,ORD,,,checkin_prompt_shown,2026-08-21 17:27:24.872315
e01187,t0375,ATL,,,checkin_prompt_shown,2026-08-05 03:54:08.548491
e01188,t0376,ATL,,,checkin_prompt_shown,2026-08-01 12:07:20.604757
e01189,t0376,ATL,,,flight_opted_in,2026-08-01 12:07:56.604757
e01190,t0376,ATL,D7,60.0,delay_detected,2026-08-01 20:29:13.411342
e01191,t0376,ATL,D7,60.0,options_prompt_shown,2026-08-01 20:30:08.411342
e01192,t0376,ATL,D7,60.0,options_prompt_engaged,2026-08-01 20:32:04.411342
e01193,t0376,ATL,D7,60.0,gate_entered,2026-08-01 20:32:19.411342
e01194,t0377,LAX,,,checkin_prompt_shown,2026-08-19 22:22:30.479644
e01195,t0377,LAX,,,flight_opted_in,2026-08-19 22:23:13.479644
e01196,t0377,LAX,A5,150.0,delay_detected,2026-08-19 23:56:55.795491
e01197,t0378,DIA,,,checkin_prompt_shown,2026-08-07 21:12:04.402371
e01198,t0378,DIA,,,flight_opted_in,2026-08-07 21:12:54.402371
e01199,t0379,LAX,,,checkin_prompt_shown,2026-08-03 22:23:11.290181
e01200,t0379,LAX,,,flight_opted_in,2026-08-03 22:24:38.290181
e01201,t0379,LAX,C29,150.0,delay_detected,2026-08-04 15:53:12.619195
e01202,t0379,LAX,C29,150.0,options_prompt_shown,2026-08-04 15:53:32.619195
e01203,t0379,LAX,C29,150.0,options_prompt_engaged,2026-08-04 15:54:55.619195
e01204,t0379,LAX,C29,150.0,gate_entered,2026-08-04 15:55:09.619195
e01205,t0379,LAX,C29,150.0,venue_selected,2026-08-04 15:57:51.619195
e01206,t0379,LAX,C29,150.0,directions_viewed,2026-08-04 15:58:06.619195
e01207,t0380,DIA,,,checkin_prompt_shown,2026-08-20 10:09:34.731725
e01208,t0380,DIA,,,flight_opted_in,2026-08-20 10:09:53.731725
e01209,t0381,ORD,,,checkin_prompt_shown,2026-08-01 21:36:35.918359
e01210,t0381,ORD,,,flight_opted_in,2026-08-01 21:37:49.918359
e01211,t0381,ORD,A17,60.0,delay_detected,2026-08-02 13:11:38.988396
e01212,t0381,ORD,A17,60.0,options_prompt_shown,2026-08-02 13:12:14.988396
e01213,t0382,DIA,,,checkin_prompt_shown,2026-08-06 06:23:11.753178
e01214,t0383,ORD,,,checkin_prompt_shown,2026-08-07 20:33:12.817615
e01215,t0384,DIA,,,checkin_prompt_shown,2026-08-03 01:21:05.611655
e01216,t0385,ORD,,,checkin_prompt_shown,2026-08-10 12:12:36.111963
e01217,t0386,ATL,,,checkin_prompt_shown,2026-08-08 12:24:46.765630
e01218,t0387,LAX,,,checkin_prompt_shown,2026-08-13 13:03:18.971811
e01219,t0387,LAX,,,flight_opted_in,2026-08-13 13:04:15.971811
e01220,t0387,LAX,C13,180.0,delay_detected,2026-08-14 07:12:44.308422
e01221,t0387,LAX,C13,180.0,options_prompt_shown,2026-08-14 07:13:23.308422
e01222,t0388,ORD,,,checkin_prompt_shown,2026-08-09 22:17:23.507041
e01223,t0389,ORD,,,checkin_prompt_shown,2026-08-15 18:33:15.602130
e01224,t0389,ORD,,,flight_opted_in,2026-08-15 18:34:37.602130
e01225,t0389,ORD,C23,120.0,delay_detected,2026-08-16 16:52:53.876013
e01226,t0389,ORD,C23,120.0,options_prompt_shown,2026-08-16 16:53:22.876013
e01227,t0390,ORD,,,checkin_prompt_shown,2026-08-03 19:55:20.084098
e01228,t0391,DIA,,,checkin_prompt_shown,2026-08-03 06:48:16.205553
e01229,t0391,DIA,,,flight_opted_in,2026-08-03 06:49:32.205553
e01230,t0391,DIA,D18,75.0,delay_detected,2026-08-03 23:34:37.866137
e01231,t0391,DIA,D18,75.0,options_prompt_shown,2026-08-03 23:35:11.866137
e01232,t0392,DIA,,,checkin_prompt_shown,2026-08-15 14:21:47.820920
e01233,t0393,SEA,,,checkin_prompt_shown,2026-08-13 07:12:59.735493
e01234,t0394,ORD,,,checkin_prompt_shown,2026-08-19 00:47:59.206300
e01235,t0395,LAX,,,checkin_prompt_shown,2026-08-03 00:31:29.546328
e01236,t0395,LAX,,,flight_opted_in,2026-08-03 00:32:41.546328
e01237,t0395,LAX,C3,75.0,delay_detected,2026-08-03 15:38:22.526338
e01238,t0395,LAX,C3,75.0,options_prompt_shown,2026-08-03 15:39:01.526338
e01239,t0396,SEA,,,checkin_prompt_shown,2026-08-07 16:22:09.586843
e01240,t0397,LAX,,,checkin_prompt_shown,2026-08-09 14:35:05.780446
e01241,t0397,LAX,,,flight_opted_in,2026-08-09 14:36:11.780446
e01242,t0397,LAX,B3,120.0,delay_detected,2026-08-09 20:41:29.129090
e01243,t0398,SEA,,,checkin_prompt_shown,2026-08-06 00:44:17.827214
e01244,t0398,SEA,,,flight_opted_in,2026-08-06 00:45:08.827214
e01245,t0398,SEA,B27,60.0,delay_detected,2026-08-06 17:14:49.734284
e01246,t0398,SEA,B27,60.0,options_prompt_shown,2026-08-06 17:15:05.734284
e01247,t0399,DIA,,,checkin_prompt_shown,2026-08-09 08:43:37.605789
